prefecture_norm,year,population_final
Aichi,1872,1210368.0
Aichi,1873,1217444.0
Aichi,1874,1217521.0
Aichi,1875,1234003.0
Aichi,1876,1244711.0
Aichi,1877,1250839.0
Aichi,1878,1267206.0
Aichi,1879,1295452.0
Aichi,1880,1303812.0
Aichi,1881,1317792.0
Aichi,1882,1332050.0
Aichi,1883,1354996.0
Aichi,1884,1370576.0
Aichi,1885,1373419.0
Aichi,1886,1386473.0
Aichi,1887,1404106.0
Aichi,1888,1429486.0
Aichi,1889,1444011.0
Aichi,1890,1456294.0
Aichi,1891,1473099.0
Aichi,1892,1483744.0
Aichi,1893,1497791.0
Aichi,1894,1512420.0
Aichi,1895,1529349.0
Aichi,1896,1553447.0
Aichi,1897,1577320.0
Aichi,1898,1592733.0
Aichi,1899,1639611.0
Aichi,1904,1752042.0
Aichi,1909,1886739.0
Aichi,1914,2073224.0
Aichi,1919,2140077.0
Aichi,1921,2089762.0
Aichi,1926,2319494.0
Aichi,1931,2567413.0
Aichi,1936,2862701.0
Aichi,1941,3166592.0
Aichi,1944,3280206.0
Aichi,1946,2888468.0
Aichi,1948,3122902.0
Aichi,1949,3226116.0
Aichi,1951,3390585.0
Aichi,1956,3769209.0
Aichi,1961,4206313.0
Aichi,1966,4798653.0
Aichi,1971,5386163.0
Aichi,1976,5923569.0
Aichi,1981,6221638.0
Aichi,1986,6455172.0
Aichi,1991,6690603.0
Aichi,1996,6897000.0
Aichi,1997,6932000.0
Aichi,1998,6974000.0
Aichi,1999,7008000.0
Aichi,2001,7087000.0
Aichi,2002,7123000.0
Aichi,2003,7158000.0
Aichi,2004,7192000.0
Aichi,2006,7308000.0
Aichi,2007,7360000.0
Aichi,2008,7403000.0
Aichi,2009,7418000.0
Aichi,2010,7411000.0
Aichi,2011,7416000.0
Aichi,2012,7427000.0
Aichi,2013,7443000.0
Aichi,2014,7455000.0
Aichi,2015,7483000.0
Aichi,2016,7507000.0
Aichi,2017,7525000.0
Aichi,2018,7537000.0
Aichi,2019,7552000.0
Aichi,2020,7542000.0
Aichi,2021,7517000.0
Aichi,2022,7495000.0
Aichi,2023,7477000.0
Aichi,2024,7460000.0
Akita,1872,582297.0
Akita,1873,581859.0
Akita,1874,596641.0
Akita,1875,604114.0
Akita,1876,609420.0
Akita,1877,613389.0
Akita,1878,616148.0
Akita,1879,621130.0
Akita,1880,618833.0
Akita,1881,625506.0
Akita,1882,628435.0
Akita,1883,633203.0
Akita,1884,640575.0
Akita,1885,639259.0
Akita,1886,644367.0
Akita,1887,654037.0
Akita,1888,662917.0
Akita,1889,682928.0
Akita,1890,690122.0
Akita,1891,697298.0
Akita,1892,703482.0
Akita,1893,712738.0
Akita,1894,720871.0
Akita,1895,726974.0
Akita,1896,737922.0
Akita,1897,748358.0
Akita,1898,757041.0
Akita,1899,781129.0
Akita,1904,837665.0
Akita,1909,892650.0
Akita,1914,943628.0
Akita,1919,977212.0
Akita,1921,898537.0
Akita,1926,936408.0
Akita,1931,987706.0
Akita,1936,1037744.0
Akita,1941,1052275.0
Akita,1944,1048769.0
Akita,1946,1203842.0
Akita,1948,1257398.0
Akita,1949,1283710.0
Akita,1951,1309031.0
Akita,1956,1348871.0
Akita,1961,1335580.0
Akita,1966,1279835.0
Akita,1971,1241376.0
Akita,1976,1232481.0
Akita,1981,1256745.0
Akita,1986,1254032.0
Akita,1991,1227478.0
Akita,1996,1210000.0
Akita,1997,1206000.0
Akita,1998,1201000.0
Akita,1999,1196000.0
Akita,2001,1184000.0
Akita,2002,1176000.0
Akita,2003,1167000.0
Akita,2004,1159000.0
Akita,2006,1134000.0
Akita,2007,1121000.0
Akita,2008,1108000.0
Akita,2009,1096000.0
Akita,2010,1086000.0
Akita,2011,1075000.0
Akita,2012,1063000.0
Akita,2013,1050000.0
Akita,2014,1037000.0
Akita,2015,1023000.0
Akita,2016,1010000.0
Akita,2017,996000.0
Akita,2018,981000.0
Akita,2019,966000.0
Akita,2020,960000.0
Akita,2021,945000.0
Akita,2022,930000.0
Akita,2023,914000.0
Akita,2024,897000.0
Aomori,1872,473244.0
Aomori,1873,473317.0
Aomori,1874,473098.0
Aomori,1875,484428.0
Aomori,1876,489245.0
Aomori,1877,462865.0
Aomori,1878,464985.0
Aomori,1879,468517.0
Aomori,1880,475413.0
Aomori,1881,484274.0
Aomori,1882,487687.0
Aomori,1883,488505.0
Aomori,1884,493137.0
Aomori,1885,495182.0
Aomori,1886,499549.0
Aomori,1887,515779.0
Aomori,1888,523226.0
Aomori,1889,530292.0
Aomori,1890,538110.0
Aomori,1891,545026.0
Aomori,1892,551389.0
Aomori,1893,559391.0
Aomori,1894,567002.0
Aomori,1895,574235.0
Aomori,1896,584459.0
Aomori,1897,589557.0
Aomori,1898,600294.0
Aomori,1899,617531.0
Aomori,1904,665691.0
Aomori,1909,721127.0
Aomori,1914,764485.0
Aomori,1919,797841.0
Aomori,1921,756454.0
Aomori,1926,812977.0
Aomori,1931,879914.0
Aomori,1936,967129.0
Aomori,1941,1000509.0
Aomori,1944,1009104.0
Aomori,1946,1086241.0
Aomori,1948,1180245.0
Aomori,1949,1218325.0
Aomori,1951,1282867.0
Aomori,1956,1382523.0
Aomori,1961,1426606.0
Aomori,1966,1416591.0
Aomori,1971,1427520.0
Aomori,1976,1468646.0
Aomori,1981,1523907.0
Aomori,1986,1524448.0
Aomori,1991,1482873.0
Aomori,1996,1483000.0
Aomori,1997,1480000.0
Aomori,1998,1478000.0
Aomori,1999,1475000.0
Aomori,2001,1474000.0
Aomori,2002,1469000.0
Aomori,2003,1462000.0
Aomori,2004,1452000.0
Aomori,2006,1423000.0
Aomori,2007,1407000.0
Aomori,2008,1392000.0
Aomori,2009,1379000.0
Aomori,2010,1373000.0
Aomori,2011,1363000.0
Aomori,2012,1350000.0
Aomori,2013,1335000.0
Aomori,2014,1321000.0
Aomori,2015,1308000.0
Aomori,2016,1293000.0
Aomori,2017,1278000.0
Aomori,2018,1263000.0
Aomori,2019,1246000.0
Aomori,2020,1238000.0
Aomori,2021,1221000.0
Aomori,2022,1204000.0
Aomori,2023,1184000.0
Aomori,2024,1165000.0
Chiba,1874,1043189.0
Chiba,1875,1055373.0
Chiba,1876,1061664.0
Chiba,1877,1071142.0
Chiba,1878,1078635.0
Chiba,1879,1099676.0
Chiba,1880,1103292.0
Chiba,1881,1108678.0
Chiba,1882,1117696.0
Chiba,1883,1124085.0
Chiba,1884,1113651.0
Chiba,1885,1118109.0
Chiba,1886,1125375.0
Chiba,1887,1141621.0
Chiba,1888,1159287.0
Chiba,1889,1172138.0
Chiba,1890,1184062.0
Chiba,1891,1191353.0
Chiba,1892,1196785.0
Chiba,1893,1205153.0
Chiba,1894,1215742.0
Chiba,1895,1221631.0
Chiba,1896,1230385.0
Chiba,1897,1239660.0
Chiba,1898,1245874.0
Chiba,1899,1275376.0
Chiba,1904,1316547.0
Chiba,1909,1358445.0
Chiba,1914,1401587.0
Chiba,1919,1395746.0
Chiba,1921,1336155.0
Chiba,1926,1399257.0
Chiba,1931,1470121.0
Chiba,1936,1546394.0
Chiba,1941,1588425.0
Chiba,1944,1659345.0
Chiba,1946,1987715.0
Chiba,1948,2112917.0
Chiba,1949,2140511.0
Chiba,1951,2139037.0
Chiba,1956,2205060.0
Chiba,1961,2306010.0
Chiba,1966,2701770.0
Chiba,1971,3366624.0
Chiba,1976,4149147.0
Chiba,1981,4735424.0
Chiba,1986,5148163.0
Chiba,1991,5555429.0
Chiba,1996,5824000.0
Chiba,1997,5852000.0
Chiba,1998,5887000.0
Chiba,1999,5920000.0
Chiba,2001,5968000.0
Chiba,2002,5994000.0
Chiba,2003,6024000.0
Chiba,2004,6039000.0
Chiba,2006,6074000.0
Chiba,2007,6098000.0
Chiba,2008,6122000.0
Chiba,2009,6139000.0
Chiba,2010,6216000.0
Chiba,2011,6214000.0
Chiba,2012,6195000.0
Chiba,2013,6192000.0
Chiba,2014,6197000.0
Chiba,2015,6223000.0
Chiba,2016,6236000.0
Chiba,2017,6246000.0
Chiba,2018,6255000.0
Chiba,2019,6259000.0
Chiba,2020,6284000.0
Chiba,2021,6275000.0
Chiba,2022,6266000.0
Chiba,2023,6257000.0
Chiba,2024,6251000.0
Ehime,1874,786408.0
Ehime,1875,791522.0
Ehime,1876,793214.0
Ehime,1877,1394091.0
Ehime,1878,1403693.0
Ehime,1879,1432627.0
Ehime,1880,1438895.0
Ehime,1881,1453472.0
Ehime,1882,1472680.0
Ehime,1883,1491614.0
Ehime,1884,1511820.0
Ehime,1885,1527562.0
Ehime,1886,1529375.0
Ehime,1887,1533988.0
Ehime,1888,1557257.0
Ehime,1889,906414.0
Ehime,1890,921708.0
Ehime,1891,926972.0
Ehime,1892,933510.0
Ehime,1893,940009.0
Ehime,1894,942632.0
Ehime,1895,945101.0
Ehime,1896,956166.0
Ehime,1897,964079.0
Ehime,1898,971955.0
Ehime,1899,995441.0
Ehime,1904,1034962.0
Ehime,1909,1057547.0
Ehime,1914,1097989.0
Ehime,1919,1128039.0
Ehime,1921,1046720.0
Ehime,1926,1096366.0
Ehime,1931,1142122.0
Ehime,1936,1164898.0
Ehime,1941,1178705.0
Ehime,1944,1186491.0
Ehime,1946,1371092.0
Ehime,1948,1453887.0
Ehime,1949,1481106.0
Ehime,1951,1521878.0
Ehime,1956,1540628.0
Ehime,1961,1500687.0
Ehime,1966,1446384.0
Ehime,1971,1418124.0
Ehime,1976,1465215.0
Ehime,1981,1506637.0
Ehime,1986,1529983.0
Ehime,1991,1515025.0
Ehime,1996,1505000.0
Ehime,1997,1504000.0
Ehime,1998,1502000.0
Ehime,1999,1497000.0
Ehime,2001,1491000.0
Ehime,2002,1486000.0
Ehime,2003,1483000.0
Ehime,2004,1477000.0
Ehime,2006,1460000.0
Ehime,2007,1452000.0
Ehime,2008,1444000.0
Ehime,2009,1436000.0
Ehime,2010,1431000.0
Ehime,2011,1423000.0
Ehime,2012,1415000.0
Ehime,2013,1405000.0
Ehime,2014,1395000.0
Ehime,2015,1385000.0
Ehime,2016,1375000.0
Ehime,2017,1364000.0
Ehime,2018,1352000.0
Ehime,2019,1339000.0
Ehime,2020,1335000.0
Ehime,2021,1321000.0
Ehime,2022,1306000.0
Ehime,2023,1291000.0
Ehime,2024,1276000.0
Fukui,1882,577717.0
Fukui,1883,582210.0
Fukui,1884,583065.0
Fukui,1885,591669.0
Fukui,1886,592331.0
Fukui,1887,585776.0
Fukui,1888,590548.0
Fukui,1889,596704.0
Fukui,1890,602342.0
Fukui,1891,603444.0
Fukui,1892,605014.0
Fukui,1893,607450.0
Fukui,1894,610550.0
Fukui,1895,613486.0
Fukui,1896,618203.0
Fukui,1897,619273.0
Fukui,1898,612620.0
Fukui,1899,621468.0
Fukui,1904,635881.0
Fukui,1909,630439.0
Fukui,1914,651513.0
Fukui,1919,636847.0
Fukui,1921,599155.0
Fukui,1926,597899.0
Fukui,1931,618144.0
Fukui,1936,646659.0
Fukui,1941,643904.0
Fukui,1944,621933.0
Fukui,1946,710279.5
Fukui,1948,726264.0
Fukui,1949,733374.0
Fukui,1951,752374.0
Fukui,1956,754055.0
Fukui,1961,752696.0
Fukui,1966,750557.0
Fukui,1971,744230.0
Fukui,1976,773599.0
Fukui,1981,794354.0
Fukui,1986,817633.0
Fukui,1991,823585.0
Fukui,1996,829000.0
Fukui,1997,829000.0
Fukui,1998,830000.0
Fukui,1999,831000.0
Fukui,2001,830000.0
Fukui,2002,828000.0
Fukui,2003,827000.0
Fukui,2004,825000.0
Fukui,2006,819000.0
Fukui,2007,816000.0
Fukui,2008,812000.0
Fukui,2009,808000.0
Fukui,2010,806000.0
Fukui,2011,803000.0
Fukui,2012,799000.0
Fukui,2013,795000.0
Fukui,2014,790000.0
Fukui,2015,787000.0
Fukui,2016,782000.0
Fukui,2017,779000.0
Fukui,2018,774000.0
Fukui,2019,768000.0
Fukui,2020,767000.0
Fukui,2021,760000.0
Fukui,2022,753000.0
Fukui,2023,744000.0
Fukui,2024,739000.0
Fukuoka,1872,1341006.0
Fukuoka,1873,1352522.0
Fukuoka,1874,1367209.0
Fukuoka,1875,1377028.0
Fukuoka,1876,1395619.0
Fukuoka,1877,1064050.0
Fukuoka,1878,1070244.0
Fukuoka,1879,1087604.0
Fukuoka,1880,1097215.0
Fukuoka,1881,1109475.0
Fukuoka,1882,1118652.0
Fukuoka,1883,1128289.0
Fukuoka,1884,1135496.0
Fukuoka,1885,1139986.0
Fukuoka,1886,1148328.0
Fukuoka,1887,1159294.0
Fukuoka,1888,1188877.0
Fukuoka,1889,1209295.0
Fukuoka,1890,1224551.0
Fukuoka,1891,1236015.0
Fukuoka,1892,1244912.0
Fukuoka,1893,1258058.0
Fukuoka,1894,1275050.0
Fukuoka,1895,1285082.0
Fukuoka,1896,1313777.0
Fukuoka,1897,1333423.0
Fukuoka,1898,1357777.0
Fukuoka,1899,1425625.0
Fukuoka,1904,1571158.0
Fukuoka,1909,1721084.0
Fukuoka,1914,1926417.0
Fukuoka,1919,2112596.0
Fukuoka,1921,2188249.0
Fukuoka,1926,2301668.0
Fukuoka,1931,2527119.0
Fukuoka,1936,2755804.0
Fukuoka,1941,3094132.0
Fukuoka,1944,3066472.0
Fukuoka,1946,2826749.5
Fukuoka,1948,3178134.0
Fukuoka,1949,3312577.0
Fukuoka,1951,3530169.0
Fukuoka,1956,3859764.0
Fukuoka,1961,4006679.0
Fukuoka,1966,3964611.0
Fukuoka,1971,4027416.0
Fukuoka,1976,4292963.0
Fukuoka,1981,4553461.0
Fukuoka,1986,4719259.0
Fukuoka,1991,4811050.0
Fukuoka,1996,4952000.0
Fukuoka,1997,4970000.0
Fukuoka,1998,4988000.0
Fukuoka,1999,5000000.0
Fukuoka,2001,5032000.0
Fukuoka,2002,5043000.0
Fukuoka,2003,5051000.0
Fukuoka,2004,5058000.0
Fukuoka,2006,5054000.0
Fukuoka,2007,5056000.0
Fukuoka,2008,5054000.0
Fukuoka,2009,5053000.0
Fukuoka,2010,5072000.0
Fukuoka,2011,5079000.0
Fukuoka,2012,5085000.0
Fukuoka,2013,5090000.0
Fukuoka,2014,5091000.0
Fukuoka,2015,5102000.0
Fukuoka,2016,5104000.0
Fukuoka,2017,5107000.0
Fukuoka,2018,5107000.0
Fukuoka,2019,5104000.0
Fukuoka,2020,5135000.0
Fukuoka,2021,5124000.0
Fukuoka,2022,5116000.0
Fukuoka,2023,5103000.0
Fukuoka,2024,5092000.0
Fukushima,1872,782169.0
Fukushima,1873,1219348.0
Fukushima,1874,1228469.0
Fukushima,1875,1246544.0
Fukushima,1876,1258577.0
Fukushima,1877,765115.0
Fukushima,1878,774707.0
Fukushima,1879,804866.0
Fukushima,1880,808937.0
Fukushima,1881,823120.0
Fukushima,1882,829990.0
Fukushima,1883,840241.0
Fukushima,1884,857833.0
Fukushima,1885,861428.0
Fukushima,1886,855079.0
Fukushima,1887,870822.0
Fukushima,1888,893954.0
Fukushima,1889,913459.0
Fukushima,1890,934449.0
Fukushima,1891,952489.0
Fukushima,1892,964578.0
Fukushima,1893,980310.0
Fukushima,1894,994825.0
Fukushima,1895,1005381.0
Fukushima,1896,1022780.0
Fukushima,1897,1041294.0
Fukushima,1898,1061013.0
Fukushima,1899,1098002.0
Fukushima,1904,1175224.0
Fukushima,1909,1234281.0
Fukushima,1914,1303501.0
Fukushima,1919,1389609.0
Fukushima,1921,1362750.0
Fukushima,1926,1437596.0
Fukushima,1931,1508150.0
Fukushima,1936,1581563.0
Fukushima,1941,1625521.0
Fukushima,1944,1599392.0
Fukushima,1946,1938051.0
Fukushima,1948,1992460.0
Fukushima,1949,2026482.0
Fukushima,1951,2062394.0
Fukushima,1956,2095237.0
Fukushima,1961,2051137.0
Fukushima,1966,1983754.0
Fukushima,1971,1946077.0
Fukushima,1976,1970616.0
Fukushima,1981,2035272.0
Fukushima,1986,2080304.0
Fukushima,1991,2104058.0
Fukushima,1996,2136000.0
Fukushima,1997,2137000.0
Fukushima,1998,2137000.0
Fukushima,1999,2135000.0
Fukushima,2001,2125000.0
Fukushima,2002,2120000.0
Fukushima,2003,2113000.0
Fukushima,2004,2106000.0
Fukushima,2006,2080000.0
Fukushima,2007,2067000.0
Fukushima,2008,2052000.0
Fukushima,2009,2040000.0
Fukushima,2010,2029000.0
Fukushima,2011,1990000.0
Fukushima,2012,1962000.0
Fukushima,2013,1946000.0
Fukushima,2014,1935000.0
Fukushima,2015,1914000.0
Fukushima,2016,1901000.0
Fukushima,2017,1882000.0
Fukushima,2018,1864000.0
Fukushima,2019,1846000.0
Fukushima,2020,1833000.0
Fukushima,2021,1812000.0
Fukushima,2022,1790000.0
Fukushima,2023,1767000.0
Fukushima,2024,1743000.0
Gifu,1872,660896.0
Gifu,1873,668148.0
Gifu,1874,672627.0
Gifu,1875,683050.0
Gifu,1876,692218.0
Gifu,1877,806158.0
Gifu,1878,818984.0
Gifu,1879,831887.0
Gifu,1880,839613.0
Gifu,1881,849221.0
Gifu,1882,855575.0
Gifu,1883,868333.0
Gifu,1884,873020.0
Gifu,1885,880277.0
Gifu,1886,884848.0
Gifu,1887,889739.0
Gifu,1888,899311.0
Gifu,1889,909226.0
Gifu,1890,918456.0
Gifu,1891,932658.0
Gifu,1892,930604.0
Gifu,1893,936219.0
Gifu,1894,941523.0
Gifu,1895,949235.0
Gifu,1896,960062.0
Gifu,1897,960502.0
Gifu,1898,960713.0
Gifu,1899,977922.0
Gifu,1904,1020765.0
Gifu,1909,1031156.0
Gifu,1914,1094961.0
Gifu,1919,1120482.0
Gifu,1921,1070407.0
Gifu,1926,1132557.0
Gifu,1931,1178405.0
Gifu,1936,1225799.0
Gifu,1941,1265024.0
Gifu,1944,1266008.0
Gifu,1946,1481324.5
Gifu,1948,1493644.0
Gifu,1949,1524812.0
Gifu,1951,1544538.0
Gifu,1956,1583605.0
Gifu,1961,1638399.0
Gifu,1966,1700365.0
Gifu,1971,1758954.0
Gifu,1976,1867978.0
Gifu,1981,1960107.0
Gifu,1986,2028536.0
Gifu,1991,2066569.0
Gifu,1996,2107000.0
Gifu,1997,2111000.0
Gifu,1998,2115000.0
Gifu,1999,2118000.0
Gifu,2001,2111000.0
Gifu,2002,2111000.0
Gifu,2003,2111000.0
Gifu,2004,2110000.0
Gifu,2006,2105000.0
Gifu,2007,2104000.0
Gifu,2008,2100000.0
Gifu,2009,2092000.0
Gifu,2010,2081000.0
Gifu,2011,2071000.0
Gifu,2012,2061000.0
Gifu,2013,2051000.0
Gifu,2014,2041000.0
Gifu,2015,2032000.0
Gifu,2016,2022000.0
Gifu,2017,2008000.0
Gifu,2018,1997000.0
Gifu,2019,1987000.0
Gifu,2020,1979000.0
Gifu,2021,1961000.0
Gifu,2022,1946000.0
Gifu,2023,1931000.0
Gifu,2024,1916000.0
Gunma,1872,382697.0
Gunma,1873,384796.0
Gunma,1877,547991.0
Gunma,1878,554888.0
Gunma,1879,573984.0
Gunma,1880,581556.0
Gunma,1881,593625.0
Gunma,1882,604182.0
Gunma,1883,613410.0
Gunma,1884,636082.0
Gunma,1885,640871.0
Gunma,1886,648329.0
Gunma,1887,667931.0
Gunma,1888,690880.0
Gunma,1889,718215.0
Gunma,1890,722865.0
Gunma,1891,738061.0
Gunma,1892,749030.0
Gunma,1893,759617.0
Gunma,1894,766687.0
Gunma,1895,778729.0
Gunma,1896,792575.0
Gunma,1897,797870.0
Gunma,1898,806277.0
Gunma,1899,830223.0
Gunma,1904,904046.0
Gunma,1909,961026.0
Gunma,1914,1020853.0
Gunma,1919,1082141.0
Gunma,1921,1052610.0
Gunma,1926,1118858.0
Gunma,1931,1186080.0
Gunma,1936,1242453.0
Gunma,1941,1299027.0
Gunma,1944,1319517.0
Gunma,1946,1535358.0
Gunma,1948,1572787.0
Gunma,1949,1608894.0
Gunma,1951,1601380.0
Gunma,1956,1613549.0
Gunma,1961,1578476.0
Gunma,1966,1605584.0
Gunma,1971,1658909.0
Gunma,1976,1756480.0
Gunma,1981,1848562.0
Gunma,1986,1921259.0
Gunma,1991,1966265.0
Gunma,1996,2011000.0
Gunma,1997,2018000.0
Gunma,1998,2025000.0
Gunma,1999,2030000.0
Gunma,2001,2031000.0
Gunma,2002,2032000.0
Gunma,2003,2034000.0
Gunma,2004,2033000.0
Gunma,2006,2021000.0
Gunma,2007,2016000.0
Gunma,2008,2012000.0
Gunma,2009,2007000.0
Gunma,2010,2008000.0
Gunma,2011,2001000.0
Gunma,2012,1992000.0
Gunma,2013,1984000.0
Gunma,2014,1976000.0
Gunma,2015,1973000.0
Gunma,2016,1967000.0
Gunma,2017,1960000.0
Gunma,2018,1952000.0
Gunma,2019,1942000.0
Gunma,2020,1939000.0
Gunma,2021,1927000.0
Gunma,2022,1913000.0
Gunma,2023,1902000.0
Gunma,2024,1890000.0
Hiroshima,1872,919047.0
Hiroshima,1873,925962.0
Hiroshima,1874,941978.0
Hiroshima,1875,942827.0
Hiroshima,1876,964337.0
Hiroshima,1877,1190069.0
Hiroshima,1878,1197835.0
Hiroshima,1879,1207947.0
Hiroshima,1880,1213152.0
Hiroshima,1881,1225057.0
Hiroshima,1882,1243032.0
Hiroshima,1883,1252811.0
Hiroshima,1884,1259148.0
Hiroshima,1885,1272105.0
Hiroshima,1886,1272876.0
Hiroshima,1887,1276461.0
Hiroshima,1888,1278537.0
Hiroshima,1889,1289109.0
Hiroshima,1890,1303457.0
Hiroshima,1891,1319507.0
Hiroshima,1892,1324538.0
Hiroshima,1893,1336145.0
Hiroshima,1894,1342484.0
Hiroshima,1895,1346327.0
Hiroshima,1896,1367820.0
Hiroshima,1897,1388193.0
Hiroshima,1898,1405674.0
Hiroshima,1899,1449622.0
Hiroshima,1904,1508713.0
Hiroshima,1909,1598755.0
Hiroshima,1914,1691699.0
Hiroshima,1919,1687926.0
Hiroshima,1921,1541905.0
Hiroshima,1926,1617680.0
Hiroshima,1931,1692136.0
Hiroshima,1936,1804916.0
Hiroshima,1941,1869504.0
Hiroshima,1944,1962950.0
Hiroshima,1946,1893450.5
Hiroshima,1948,2011498.0
Hiroshima,1949,2045923.0
Hiroshima,1951,2081967.0
Hiroshima,1956,2149044.0
Hiroshima,1961,2184043.0
Hiroshima,1966,2281146.0
Hiroshima,1971,2436135.0
Hiroshima,1976,2646324.0
Hiroshima,1981,2739161.0
Hiroshima,1986,2819200.0
Hiroshima,1991,2849847.0
Hiroshima,1996,2882000.0
Hiroshima,1997,2883000.0
Hiroshima,1998,2884000.0
Hiroshima,1999,2883000.0
Hiroshima,2001,2879000.0
Hiroshima,2002,2878000.0
Hiroshima,2003,2878000.0
Hiroshima,2004,2878000.0
Hiroshima,2006,2875000.0
Hiroshima,2007,2873000.0
Hiroshima,2008,2869000.0
Hiroshima,2009,2863000.0
Hiroshima,2010,2861000.0
Hiroshima,2011,2855000.0
Hiroshima,2012,2848000.0
Hiroshima,2013,2840000.0
Hiroshima,2014,2833000.0
Hiroshima,2015,2844000.0
Hiroshima,2016,2837000.0
Hiroshima,2017,2829000.0
Hiroshima,2018,2817000.0
Hiroshima,2019,2804000.0
Hiroshima,2020,2800000.0
Hiroshima,2021,2780000.0
Hiroshima,2022,2760000.0
Hiroshima,2023,2738000.0
Hiroshima,2024,2714000.0
Hokkaido,1872,327344.0
Hokkaido,1873,330527.0
Hokkaido,1874,354550.0
Hokkaido,1875,356910.0
Hokkaido,1876,149554.0
Hokkaido,1877,150667.0
Hokkaido,1878,151735.0
Hokkaido,1879,158615.0
Hokkaido,1880,163355.0
Hokkaido,1881,168084.0
Hokkaido,1882,177901.0
Hokkaido,1883,122705.0
Hokkaido,1884,249875.0
Hokkaido,1885,273340.0
Hokkaido,1886,284040.0
Hokkaido,1887,309121.0
Hokkaido,1888,326614.0
Hokkaido,1889,347950.0
Hokkaido,1890,378188.0
Hokkaido,1891,414430.0
Hokkaido,1892,452152.0
Hokkaido,1893,493024.0
Hokkaido,1894,537953.0
Hokkaido,1895,594143.0
Hokkaido,1896,647883.0
Hokkaido,1897,698144.0
Hokkaido,1898,755837.0
Hokkaido,1899,859534.0
Hokkaido,1904,1089503.0
Hokkaido,1909,1459424.0
Hokkaido,1914,1817705.0
Hokkaido,1919,2177700.0
Hokkaido,1921,2359183.0
Hokkaido,1926,2498679.0
Hokkaido,1931,2812335.0
Hokkaido,1936,3068282.0
Hokkaido,1941,3272718.0
Hokkaido,1944,3256157.0
Hokkaido,1946,3503201.0
Hokkaido,1948,3852821.0
Hokkaido,1949,4021050.0
Hokkaido,1951,4295567.0
Hokkaido,1956,4773087.0
Hokkaido,1961,5039206.0
Hokkaido,1966,5171800.0
Hokkaido,1971,5184287.0
Hokkaido,1976,5338206.0
Hokkaido,1981,5575989.0
Hokkaido,1986,5679439.0
Hokkaido,1991,5643647.0
Hokkaido,1996,5699000.0
Hokkaido,1997,5702000.0
Hokkaido,1998,5700000.0
Hokkaido,1999,5695000.0
Hokkaido,2001,5679000.0
Hokkaido,2002,5670000.0
Hokkaido,2003,5659000.0
Hokkaido,2004,5644000.0
Hokkaido,2006,5601000.0
Hokkaido,2007,5570000.0
Hokkaido,2008,5535000.0
Hokkaido,2009,5507000.0
Hokkaido,2010,5506000.0
Hokkaido,2011,5486000.0
Hokkaido,2012,5460000.0
Hokkaido,2013,5431000.0
Hokkaido,2014,5400000.0
Hokkaido,2015,5382000.0
Hokkaido,2016,5352000.0
Hokkaido,2017,5320000.0
Hokkaido,2018,5286000.0
Hokkaido,2019,5250000.0
Hokkaido,2020,5225000.0
Hokkaido,2021,5183000.0
Hokkaido,2022,5140000.0
Hokkaido,2023,5092000.0
Hokkaido,2024,5043000.0
Hyogo,1872,834350.0
Hyogo,1873,839634.0
Hyogo,1874,839458.0
Hyogo,1875,852422.0
Hyogo,1876,863784.0
Hyogo,1877,1343758.0
Hyogo,1878,1357377.0
Hyogo,1879,1370720.0
Hyogo,1880,1391928.0
Hyogo,1881,1406613.0
Hyogo,1882,1419421.0
Hyogo,1883,1433355.0
Hyogo,1884,1448199.0
Hyogo,1885,1458647.0
Hyogo,1886,1466102.0
Hyogo,1887,1480685.0
Hyogo,1888,1499704.0
Hyogo,1889,1521817.0
Hyogo,1890,1541731.0
Hyogo,1891,1551367.0
Hyogo,1892,1562323.0
Hyogo,1893,1576970.0
Hyogo,1894,1581525.0
Hyogo,1895,1595428.0
Hyogo,1896,1610829.0
Hyogo,1897,1631241.0
Hyogo,1898,1652366.0
Hyogo,1899,1717634.0
Hyogo,1904,1833957.0
Hyogo,1909,1982983.0
Hyogo,1914,2143791.0
Hyogo,1919,2321053.0
Hyogo,1921,2301799.0
Hyogo,1926,2454679.0
Hyogo,1931,2646301.0
Hyogo,1936,2923249.0
Hyogo,1941,3221232.0
Hyogo,1944,3224376.0
Hyogo,1946,2824042.0
Hyogo,1948,3057444.0
Hyogo,1949,3156888.0
Hyogo,1951,3309935.0
Hyogo,1956,3620947.0
Hyogo,1961,3906487.0
Hyogo,1966,4309944.0
Hyogo,1971,4667928.0
Hyogo,1976,4992140.0
Hyogo,1981,5144892.0
Hyogo,1986,5278050.0
Hyogo,1991,5405040.0
Hyogo,1996,5410000.0
Hyogo,1997,5433000.0
Hyogo,1998,5461000.0
Hyogo,1999,5484000.0
Hyogo,2001,5571000.0
Hyogo,2002,5578000.0
Hyogo,2003,5585000.0
Hyogo,2004,5587000.0
Hyogo,2006,5590000.0
Hyogo,2007,5589000.0
Hyogo,2008,5586000.0
Hyogo,2009,5583000.0
Hyogo,2010,5588000.0
Hyogo,2011,5582000.0
Hyogo,2012,5571000.0
Hyogo,2013,5558000.0
Hyogo,2014,5541000.0
Hyogo,2015,5535000.0
Hyogo,2016,5520000.0
Hyogo,2017,5503000.0
Hyogo,2018,5484000.0
Hyogo,2019,5466000.0
Hyogo,2020,5465000.0
Hyogo,2021,5432000.0
Hyogo,2022,5402000.0
Hyogo,2023,5370000.0
Hyogo,2024,5337000.0
Ibaraki,1872,837014.0
Ibaraki,1873,842730.0
Ibaraki,1874,854112.0
Ibaraki,1875,863388.0
Ibaraki,1876,1243958.0
Ibaraki,1877,867701.0
Ibaraki,1878,875491.0
Ibaraki,1879,887957.0
Ibaraki,1880,894376.0
Ibaraki,1881,906073.0
Ibaraki,1882,916739.0
Ibaraki,1883,920876.0
Ibaraki,1884,929747.0
Ibaraki,1885,938377.0
Ibaraki,1886,948161.0
Ibaraki,1887,967480.0
Ibaraki,1888,980803.0
Ibaraki,1889,998976.0
Ibaraki,1890,1014354.0
Ibaraki,1891,1025497.0
Ibaraki,1892,1034620.0
Ibaraki,1893,1046682.0
Ibaraki,1894,1058369.0
Ibaraki,1895,1069316.0
Ibaraki,1896,1085445.0
Ibaraki,1897,1101540.0
Ibaraki,1898,1115269.0
Ibaraki,1899,1149594.0
Ibaraki,1904,1200475.0
Ibaraki,1909,1259995.0
Ibaraki,1914,1328329.0
Ibaraki,1919,1407735.0
Ibaraki,1921,1350400.0
Ibaraki,1926,1409092.0
Ibaraki,1931,1487097.0
Ibaraki,1936,1548991.0
Ibaraki,1941,1620000.0
Ibaraki,1944,1656678.0
Ibaraki,1946,1942588.5
Ibaraki,1948,2013735.0
Ibaraki,1949,2044578.0
Ibaraki,1951,2039418.0
Ibaraki,1956,2064037.0
Ibaraki,1961,2047024.0
Ibaraki,1966,2056154.0
Ibaraki,1971,2143551.0
Ibaraki,1976,2342198.0
Ibaraki,1981,2558007.0
Ibaraki,1986,2725005.0
Ibaraki,1991,2845382.0
Ibaraki,1996,2972000.0
Ibaraki,1997,2983000.0
Ibaraki,1998,2996000.0
Ibaraki,1999,3002000.0
Ibaraki,2001,2992000.0
Ibaraki,2002,2990000.0
Ibaraki,2003,2991000.0
Ibaraki,2004,2989000.0
Ibaraki,2006,2972000.0
Ibaraki,2007,2969000.0
Ibaraki,2008,2964000.0
Ibaraki,2009,2960000.0
Ibaraki,2010,2970000.0
Ibaraki,2011,2958000.0
Ibaraki,2012,2943000.0
Ibaraki,2013,2931000.0
Ibaraki,2014,2919000.0
Ibaraki,2015,2917000.0
Ibaraki,2016,2905000.0
Ibaraki,2017,2892000.0
Ibaraki,2018,2877000.0
Ibaraki,2019,2860000.0
Ibaraki,2020,2867000.0
Ibaraki,2021,2852000.0
Ibaraki,2022,2840000.0
Ibaraki,2023,2825000.0
Ibaraki,2024,2806000.0
Ishikawa,1872,800868.0
Ishikawa,1873,669647.0
Ishikawa,1874,686249.0
Ishikawa,1875,691735.0
Ishikawa,1876,696429.0
Ishikawa,1877,1806509.0
Ishikawa,1878,1825507.0
Ishikawa,1879,1852811.0
Ishikawa,1880,1833778.0
Ishikawa,1881,1856402.0
Ishikawa,1882,1412802.0
Ishikawa,1883,1428073.0
Ishikawa,1884,735478.0
Ishikawa,1885,740362.0
Ishikawa,1886,739141.0
Ishikawa,1887,728974.0
Ishikawa,1888,737224.0
Ishikawa,1889,745110.0
Ishikawa,1890,751605.0
Ishikawa,1891,753337.0
Ishikawa,1892,753445.0
Ishikawa,1893,753886.0
Ishikawa,1894,753871.0
Ishikawa,1895,752202.0
Ishikawa,1896,754120.0
Ishikawa,1897,755734.0
Ishikawa,1898,749775.0
Ishikawa,1899,751320.0
Ishikawa,1904,768155.0
Ishikawa,1909,780150.0
Ishikawa,1914,805266.0
Ishikawa,1919,802835.0
Ishikawa,1921,747360.0
Ishikawa,1926,750854.0
Ishikawa,1931,756835.0
Ishikawa,1936,768416.0
Ishikawa,1941,757676.0
Ishikawa,1944,743672.0
Ishikawa,1946,882353.5
Ishikawa,1948,927743.0
Ishikawa,1949,941772.0
Ishikawa,1951,957279.0
Ishikawa,1956,966187.0
Ishikawa,1961,973418.0
Ishikawa,1966,980499.0
Ishikawa,1971,1002420.0
Ishikawa,1976,1069872.0
Ishikawa,1981,1119304.0
Ishikawa,1986,1152325.0
Ishikawa,1991,1164628.0
Ishikawa,1996,1182000.0
Ishikawa,1997,1184000.0
Ishikawa,1998,1185000.0
Ishikawa,1999,1186000.0
Ishikawa,2001,1182000.0
Ishikawa,2002,1180000.0
Ishikawa,2003,1180000.0
Ishikawa,2004,1179000.0
Ishikawa,2006,1172000.0
Ishikawa,2007,1170000.0
Ishikawa,2008,1168000.0
Ishikawa,2009,1165000.0
Ishikawa,2010,1170000.0
Ishikawa,2011,1166000.0
Ishikawa,2012,1163000.0
Ishikawa,2013,1159000.0
Ishikawa,2014,1156000.0
Ishikawa,2015,1154000.0
Ishikawa,2016,1151000.0
Ishikawa,2017,1147000.0
Ishikawa,2018,1143000.0
Ishikawa,2019,1138000.0
Ishikawa,2020,1133000.0
Ishikawa,2021,1125000.0
Ishikawa,2022,1118000.0
Ishikawa,2023,1109000.0
Ishikawa,2024,1098000.0
Iwate,1872,692048.0
Iwate,1873,696810.0
Iwate,1874,701041.0
Iwate,1875,703843.0
Iwate,1876,327924.0
Iwate,1877,578297.0
Iwate,1878,579249.0
Iwate,1879,592294.0
Iwate,1880,591881.0
Iwate,1881,598132.0
Iwate,1882,605538.0
Iwate,1883,611735.0
Iwate,1884,615616.0
Iwate,1885,622426.0
Iwate,1886,628591.0
Iwate,1887,641395.0
Iwate,1888,651989.0
Iwate,1889,656047.0
Iwate,1890,667115.0
Iwate,1891,671956.0
Iwate,1892,676665.0
Iwate,1893,682996.0
Iwate,1894,690456.0
Iwate,1895,693730.0
Iwate,1896,702915.0
Iwate,1897,694867.0
Iwate,1898,702750.0
Iwate,1899,718737.0
Iwate,1904,748752.0
Iwate,1909,776714.0
Iwate,1914,835415.0
Iwate,1919,869652.0
Iwate,1921,845540.0
Iwate,1926,900984.0
Iwate,1931,975771.0
Iwate,1936,1046111.0
Iwate,1941,1095793.0
Iwate,1944,1104049.0
Iwate,1946,1222471.5
Iwate,1948,1262743.0
Iwate,1949,1294203.0
Iwate,1951,1346728.0
Iwate,1956,1427097.0
Iwate,1961,1448517.0
Iwate,1966,1411118.0
Iwate,1971,1371383.0
Iwate,1976,1385563.0
Iwate,1981,1421927.0
Iwate,1986,1433611.0
Iwate,1991,1416928.0
Iwate,1996,1420000.0
Iwate,1997,1418000.0
Iwate,1998,1416000.0
Iwate,1999,1414000.0
Iwate,2001,1413000.0
Iwate,2002,1407000.0
Iwate,2003,1402000.0
Iwate,2004,1395000.0
Iwate,2006,1375000.0
Iwate,2007,1364000.0
Iwate,2008,1352000.0
Iwate,2009,1340000.0
Iwate,2010,1330000.0
Iwate,2011,1314000.0
Iwate,2012,1303000.0
Iwate,2013,1295000.0
Iwate,2014,1284000.0
Iwate,2015,1280000.0
Iwate,2016,1268000.0
Iwate,2017,1255000.0
Iwate,2018,1241000.0
Iwate,2019,1227000.0
Iwate,2020,1211000.0
Iwate,2021,1196000.0
Iwate,2022,1181000.0
Iwate,2023,1163000.0
Iwate,2024,1145000.0
Kagawa,1872,559712.0
Kagawa,1873,564351.0
Kagawa,1876,591584.0
Kagawa,1889,660484.0
Kagawa,1890,668548.0
Kagawa,1891,672557.0
Kagawa,1892,673004.0
Kagawa,1893,675940.0
Kagawa,1894,675237.0
Kagawa,1895,671638.0
Kagawa,1896,674600.0
Kagawa,1897,673378.0
Kagawa,1898,676681.0
Kagawa,1899,694280.0
Kagawa,1904,711603.0
Kagawa,1909,729563.0
Kagawa,1914,759556.0
Kagawa,1919,714374.0
Kagawa,1921,677852.0
Kagawa,1926,700308.0
Kagawa,1931,732816.0
Kagawa,1936,748656.0
Kagawa,1941,730394.0
Kagawa,1944,713134.0
Kagawa,1946,868006.0
Kagawa,1948,917673.0
Kagawa,1949,934123.0
Kagawa,1951,946022.0
Kagawa,1956,943823.0
Kagawa,1961,918867.0
Kagawa,1966,900845.0
Kagawa,1971,907897.0
Kagawa,1976,961292.0
Kagawa,1981,999864.0
Kagawa,1986,1022569.0
Kagawa,1991,1023412.0
Kagawa,1996,1028000.0
Kagawa,1997,1028000.0
Kagawa,1998,1029000.0
Kagawa,1999,1029000.0
Kagawa,2001,1022000.0
Kagawa,2002,1021000.0
Kagawa,2003,1020000.0
Kagawa,2004,1018000.0
Kagawa,2006,1009000.0
Kagawa,2007,1006000.0
Kagawa,2008,1003000.0
Kagawa,2009,999000.0
Kagawa,2010,996000.0
Kagawa,2011,992000.0
Kagawa,2012,989000.0
Kagawa,2013,985000.0
Kagawa,2014,981000.0
Kagawa,2015,976000.0
Kagawa,2016,972000.0
Kagawa,2017,967000.0
Kagawa,2018,962000.0
Kagawa,2019,956000.0
Kagawa,2020,950000.0
Kagawa,2021,942000.0
Kagawa,2022,934000.0
Kagawa,2023,926000.0
Kagawa,2024,917000.0
Kagoshima,1872,670864.0
Kagoshima,1873,806902.0
Kagoshima,1874,812327.0
Kagoshima,1875,813692.0
Kagoshima,1876,820654.0
Kagoshima,1877,1218383.0
Kagoshima,1878,1219942.0
Kagoshima,1879,1261909.0
Kagoshima,1880,1270463.0
Kagoshima,1881,1279631.0
Kagoshima,1882,1290281.0
Kagoshima,1883,1291586.0
Kagoshima,1884,935094.0
Kagoshima,1885,933196.0
Kagoshima,1886,941063.0
Kagoshima,1887,943088.0
Kagoshima,1888,962219.0
Kagoshima,1889,985271.0
Kagoshima,1890,998153.0
Kagoshima,1891,1005816.0
Kagoshima,1892,1014560.0
Kagoshima,1893,1024598.0
Kagoshima,1894,1036863.0
Kagoshima,1895,1042962.0
Kagoshima,1896,1058171.0
Kagoshima,1897,1069752.0
Kagoshima,1898,1083745.0
Kagoshima,1899,1104220.0
Kagoshima,1904,1184143.0
Kagoshima,1909,1275465.0
Kagoshima,1914,1397387.0
Kagoshima,1919,1462497.0
Kagoshima,1921,1415582.0
Kagoshima,1926,1472193.0
Kagoshima,1931,1556690.0
Kagoshima,1936,1591466.0
Kagoshima,1941,1589467.0
Kagoshima,1944,1594009.0
Kagoshima,1946,1584113.0
Kagoshima,1948,1746305.0
Kagoshima,1949,1766514.0
Kagoshima,1951,1804118.0
Kagoshima,1956,2044112.0
Kagoshima,1961,1963104.0
Kagoshima,1966,1853541.0
Kagoshima,1971,1729150.0
Kagoshima,1976,1723902.0
Kagoshima,1981,1784623.0
Kagoshima,1986,1819270.0
Kagoshima,1991,1797824.0
Kagoshima,1996,1793000.0
Kagoshima,1997,1792000.0
Kagoshima,1998,1791000.0
Kagoshima,1999,1788000.0
Kagoshima,2001,1783000.0
Kagoshima,2002,1779000.0
Kagoshima,2003,1775000.0
Kagoshima,2004,1769000.0
Kagoshima,2006,1743000.0
Kagoshima,2007,1730000.0
Kagoshima,2008,1717000.0
Kagoshima,2009,1708000.0
Kagoshima,2010,1706000.0
Kagoshima,2011,1699000.0
Kagoshima,2012,1690000.0
Kagoshima,2013,1680000.0
Kagoshima,2014,1668000.0
Kagoshima,2015,1648000.0
Kagoshima,2016,1637000.0
Kagoshima,2017,1626000.0
Kagoshima,2018,1614000.0
Kagoshima,2019,1602000.0
Kagoshima,2020,1588000.0
Kagoshima,2021,1576000.0
Kagoshima,2022,1563000.0
Kagoshima,2023,1549000.0
Kagoshima,2024,1532000.0
Kanagawa,1872,595812.0
Kanagawa,1873,582733.0
Kanagawa,1874,606909.0
Kanagawa,1875,612558.0
Kanagawa,1876,602441.0
Kanagawa,1877,707272.0
Kanagawa,1878,715258.0
Kanagawa,1879,754610.0
Kanagawa,1880,757462.0
Kanagawa,1881,772903.0
Kanagawa,1882,790735.0
Kanagawa,1883,800925.0
Kanagawa,1884,831151.0
Kanagawa,1885,848682.0
Kanagawa,1886,865976.0
Kanagawa,1887,896948.0
Kanagawa,1888,923178.0
Kanagawa,1889,947766.0
Kanagawa,1890,960069.0
Kanagawa,1891,979756.0
Kanagawa,1892,992047.0
Kanagawa,1893,1015481.0
Kanagawa,1894,799862.0
Kanagawa,1895,811986.0
Kanagawa,1896,834624.0
Kanagawa,1897,852283.0
Kanagawa,1898,870256.0
Kanagawa,1899,926884.0
Kanagawa,1904,1051433.0
Kanagawa,1909,1178098.0
Kanagawa,1914,1228254.0
Kanagawa,1919,1323026.0
Kanagawa,1921,1323390.0
Kanagawa,1926,1416792.0
Kanagawa,1931,1619606.0
Kanagawa,1936,1840005.0
Kanagawa,1941,2188974.0
Kanagawa,1944,2474354.0
Kanagawa,1946,1942805.0
Kanagawa,1948,2218120.0
Kanagawa,1949,2317551.0
Kanagawa,1951,2487665.0
Kanagawa,1956,2919497.0
Kanagawa,1961,3443176.0
Kanagawa,1966,4430743.0
Kanagawa,1971,5472247.0
Kanagawa,1976,6397748.0
Kanagawa,1981,6924348.0
Kanagawa,1986,7431974.0
Kanagawa,1991,7980391.0
Kanagawa,1996,8282000.0
Kanagawa,1997,8325000.0
Kanagawa,1998,8392000.0
Kanagawa,1999,8443000.0
Kanagawa,2001,8570000.0
Kanagawa,2002,8625000.0
Kanagawa,2003,8687000.0
Kanagawa,2004,8732000.0
Kanagawa,2006,8830000.0
Kanagawa,2007,8880000.0
Kanagawa,2008,8917000.0
Kanagawa,2009,8943000.0
Kanagawa,2010,9048000.0
Kanagawa,2011,9058000.0
Kanagawa,2012,9067000.0
Kanagawa,2013,9079000.0
Kanagawa,2014,9096000.0
Kanagawa,2015,9126000.0
Kanagawa,2016,9145000.0
Kanagawa,2017,9159000.0
Kanagawa,2018,9177000.0
Kanagawa,2019,9198000.0
Kanagawa,2020,9237000.0
Kanagawa,2021,9236000.0
Kanagawa,2022,9232000.0
Kanagawa,2023,9229000.0
Kanagawa,2024,9225000.0
Kochi,1872,524511.0
Kochi,1873,526285.0
Kochi,1874,528728.0
Kochi,1875,531863.0
Kochi,1876,534070.0
Kochi,1877,1160235.0
Kochi,1878,1164723.0
Kochi,1879,1185764.0
Kochi,1880,1179247.0
Kochi,1881,550686.0
Kochi,1882,546642.0
Kochi,1883,549184.0
Kochi,1884,546977.0
Kochi,1885,548638.0
Kochi,1886,552513.0
Kochi,1887,557776.0
Kochi,1888,562066.0
Kochi,1889,569874.0
Kochi,1890,575852.0
Kochi,1891,577937.0
Kochi,1892,580330.0
Kochi,1893,584569.0
Kochi,1894,587428.0
Kochi,1895,590875.0
Kochi,1896,598011.0
Kochi,1897,600865.0
Kochi,1898,609005.0
Kochi,1899,622950.0
Kochi,1904,646008.0
Kochi,1909,670910.0
Kochi,1914,693548.0
Kochi,1919,708710.0
Kochi,1921,670895.0
Kochi,1926,687478.0
Kochi,1931,718152.0
Kochi,1936,714980.0
Kochi,1941,709286.0
Kochi,1944,693053.0
Kochi,1946,786727.0
Kochi,1948,848337.0
Kochi,1949,866385.0
Kochi,1951,873874.0
Kochi,1956,882683.0
Kochi,1961,854595.0
Kochi,1966,812714.0
Kochi,1971,786882.0
Kochi,1976,808397.0
Kochi,1981,831275.0
Kochi,1986,839784.0
Kochi,1991,825034.0
Kochi,1996,815000.0
Kochi,1997,814000.0
Kochi,1998,812000.0
Kochi,1999,810000.0
Kochi,2001,813000.0
Kochi,2002,810000.0
Kochi,2003,807000.0
Kochi,2004,803000.0
Kochi,2006,789000.0
Kochi,2007,782000.0
Kochi,2008,773000.0
Kochi,2009,766000.0
Kochi,2010,764000.0
Kochi,2011,758000.0
Kochi,2012,752000.0
Kochi,2013,745000.0
Kochi,2014,738000.0
Kochi,2015,728000.0
Kochi,2016,721000.0
Kochi,2017,714000.0
Kochi,2018,706000.0
Kochi,2019,698000.0
Kochi,2020,692000.0
Kochi,2021,684000.0
Kochi,2022,676000.0
Kochi,2023,666000.0
Kochi,2024,656000.0
Kumamoto,1877,980642.0
Kumamoto,1878,980976.0
Kumamoto,1879,981341.0
Kumamoto,1880,986695.0
Kumamoto,1881,995673.0
Kumamoto,1882,993373.0
Kumamoto,1883,997830.0
Kumamoto,1884,1001011.0
Kumamoto,1885,1000911.0
Kumamoto,1886,1003777.0
Kumamoto,1887,1020460.0
Kumamoto,1888,1030261.0
Kumamoto,1889,1042281.0
Kumamoto,1890,1052478.0
Kumamoto,1891,1057646.0
Kumamoto,1892,1064885.0
Kumamoto,1893,1075301.0
Kumamoto,1894,1084165.0
Kumamoto,1895,1097299.0
Kumamoto,1896,1105932.0
Kumamoto,1897,1108802.0
Kumamoto,1898,1122068.0
Kumamoto,1899,1156270.0
Kumamoto,1904,1198486.0
Kumamoto,1909,1236361.0
Kumamoto,1914,1303405.0
Kumamoto,1919,1311325.0
Kumamoto,1921,1233233.0
Kumamoto,1926,1296086.0
Kumamoto,1931,1353993.0
Kumamoto,1936,1387054.0
Kumamoto,1941,1368179.0
Kumamoto,1944,1371005.0
Kumamoto,1946,1594233.0
Kumamoto,1948,1765726.0
Kumamoto,1949,1786058.0
Kumamoto,1951,1827582.0
Kumamoto,1956,1895663.0
Kumamoto,1961,1856192.0
Kumamoto,1966,1770736.0
Kumamoto,1971,1700229.0
Kumamoto,1976,1715273.0
Kumamoto,1981,1790327.0
Kumamoto,1986,1837747.0
Kumamoto,1991,1840326.0
Kumamoto,1996,1862000.0
Kumamoto,1997,1863000.0
Kumamoto,1998,1865000.0
Kumamoto,1999,1865000.0
Kumamoto,2001,1860000.0
Kumamoto,2002,1858000.0
Kumamoto,2003,1855000.0
Kumamoto,2004,1852000.0
Kumamoto,2006,1836000.0
Kumamoto,2007,1828000.0
Kumamoto,2008,1821000.0
Kumamoto,2009,1814000.0
Kumamoto,2010,1817000.0
Kumamoto,2011,1813000.0
Kumamoto,2012,1807000.0
Kumamoto,2013,1801000.0
Kumamoto,2014,1794000.0
Kumamoto,2015,1786000.0
Kumamoto,2016,1774000.0
Kumamoto,2017,1765000.0
Kumamoto,2018,1757000.0
Kumamoto,2019,1748000.0
Kumamoto,2020,1738000.0
Kumamoto,2021,1728000.0
Kumamoto,2022,1718000.0
Kumamoto,2023,1709000.0
Kumamoto,2024,1697000.0
Kyoto,1872,810240.0
Kyoto,1873,812674.0
Kyoto,1874,817466.0
Kyoto,1875,820745.0
Kyoto,1876,832998.0
Kyoto,1877,792042.0
Kyoto,1878,798911.0
Kyoto,1879,814273.0
Kyoto,1880,822112.0
Kyoto,1881,831012.0
Kyoto,1882,835227.0
Kyoto,1883,840951.0
Kyoto,1884,851246.0
Kyoto,1885,853058.0
Kyoto,1886,848761.0
Kyoto,1887,849362.0
Kyoto,1888,866743.0
Kyoto,1889,875084.0
Kyoto,1890,887031.0
Kyoto,1891,894928.0
Kyoto,1892,903189.0
Kyoto,1893,914700.0
Kyoto,1894,924093.0
Kyoto,1895,937383.0
Kyoto,1896,951825.0
Kyoto,1897,957775.0
Kyoto,1898,957260.0
Kyoto,1899,997488.0
Kyoto,1904,1055119.0
Kyoto,1909,1155671.0
Kyoto,1914,1288213.0
Kyoto,1919,1383890.0
Kyoto,1921,1287147.0
Kyoto,1926,1406382.0
Kyoto,1931,1552832.0
Kyoto,1936,1702508.0
Kyoto,1941,1729993.0
Kyoto,1944,1635528.0
Kyoto,1946,1612897.0
Kyoto,1948,1739084.0
Kyoto,1949,1784753.0
Kyoto,1951,1832934.0
Kyoto,1956,1935161.0
Kyoto,1961,1993403.0
Kyoto,1966,2102808.0
Kyoto,1971,2250087.0
Kyoto,1976,2424856.0
Kyoto,1981,2527330.0
Kyoto,1986,2586574.0
Kyoto,1991,2602460.0
Kyoto,1996,2631000.0
Kyoto,1997,2631000.0
Kyoto,1998,2634000.0
Kyoto,1999,2633000.0
Kyoto,2001,2646000.0
Kyoto,2002,2642000.0
Kyoto,2003,2641000.0
Kyoto,2004,2638000.0
Kyoto,2006,2643000.0
Kyoto,2007,2635000.0
Kyoto,2008,2629000.0
Kyoto,2009,2622000.0
Kyoto,2010,2636000.0
Kyoto,2011,2632000.0
Kyoto,2012,2625000.0
Kyoto,2013,2617000.0
Kyoto,2014,2610000.0
Kyoto,2015,2610000.0
Kyoto,2016,2605000.0
Kyoto,2017,2599000.0
Kyoto,2018,2591000.0
Kyoto,2019,2583000.0
Kyoto,2020,2578000.0
Kyoto,2021,2561000.0
Kyoto,2022,2550000.0
Kyoto,2023,2535000.0
Kyoto,2024,2520000.0
Mie,1872,777597.0
Mie,1873,783633.0
Mie,1874,781002.0
Mie,1875,797310.0
Mie,1876,810461.0
Mie,1877,818877.0
Mie,1878,830415.0
Mie,1879,835087.0
Mie,1880,842269.0
Mie,1881,850791.0
Mie,1882,857887.0
Mie,1883,870137.0
Mie,1884,877666.0
Mie,1885,879353.0
Mie,1886,883462.0
Mie,1887,892654.0
Mie,1888,901698.0
Mie,1889,909702.0
Mie,1890,918369.0
Mie,1891,926376.0
Mie,1892,931687.0
Mie,1893,936465.0
Mie,1894,943376.0
Mie,1895,950038.0
Mie,1896,960773.0
Mie,1897,963668.0
Mie,1898,967406.0
Mie,1899,996646.0
Mie,1904,1044323.0
Mie,1909,1077295.0
Mie,1914,1101573.0
Mie,1919,1114891.0
Mie,1921,1069270.0
Mie,1926,1107692.0
Mie,1931,1157407.0
Mie,1936,1174595.0
Mie,1941,1198783.0
Mie,1944,1209266.0
Mie,1946,1383072.0
Mie,1948,1416494.0
Mie,1949,1451100.0
Mie,1951,1461197.0
Mie,1956,1485582.0
Mie,1961,1485054.0
Mie,1966,1514467.0
Mie,1971,1543083.0
Mie,1976,1626002.0
Mie,1981,1686936.0
Mie,1986,1747311.0
Mie,1991,1792514.0
Mie,1996,1849000.0
Mie,1997,1855000.0
Mie,1998,1861000.0
Mie,1999,1864000.0
Mie,2001,1861000.0
Mie,2002,1861000.0
Mie,2003,1862000.0
Mie,2004,1864000.0
Mie,2006,1873000.0
Mie,2007,1876000.0
Mie,2008,1875000.0
Mie,2009,1870000.0
Mie,2010,1855000.0
Mie,2011,1847000.0
Mie,2012,1840000.0
Mie,2013,1833000.0
Mie,2014,1825000.0
Mie,2015,1816000.0
Mie,2016,1808000.0
Mie,2017,1800000.0
Mie,2018,1791000.0
Mie,2019,1781000.0
Mie,2020,1770000.0
Mie,2021,1756000.0
Mie,2022,1742000.0
Mie,2023,1727000.0
Mie,2024,1711000.0
Miyagi,1872,404577.0
Miyagi,1873,408088.0
Miyagi,1874,410437.0
Miyagi,1875,419135.0
Miyagi,1876,421960.0
Miyagi,1877,591524.0
Miyagi,1878,594684.0
Miyagi,1879,616881.0
Miyagi,1880,619120.0
Miyagi,1881,625332.0
Miyagi,1882,629286.0
Miyagi,1883,694338.0
Miyagi,1884,644417.0
Miyagi,1885,651401.0
Miyagi,1886,665345.0
Miyagi,1887,688124.0
Miyagi,1888,720075.0
Miyagi,1889,736628.0
Miyagi,1890,760291.0
Miyagi,1891,751830.0
Miyagi,1892,758013.0
Miyagi,1893,776378.0
Miyagi,1894,790079.0
Miyagi,1895,802927.0
Miyagi,1896,817805.0
Miyagi,1897,821257.0
Miyagi,1898,833113.0
Miyagi,1899,851210.0
Miyagi,1904,905883.0
Miyagi,1909,893365.0
Miyagi,1914,927337.0
Miyagi,1919,954571.0
Miyagi,1921,961768.0
Miyagi,1926,1044036.0
Miyagi,1931,1142784.0
Miyagi,1936,1234801.0
Miyagi,1941,1271238.0
Miyagi,1944,1275862.0
Miyagi,1946,1462177.0
Miyagi,1948,1566831.0
Miyagi,1949,1596307.0
Miyagi,1951,1663442.0
Miyagi,1956,1727065.0
Miyagi,1961,1743195.0
Miyagi,1966,1753126.0
Miyagi,1971,1819223.0
Miyagi,1976,1955267.0
Miyagi,1981,2082320.0
Miyagi,1986,2176295.0
Miyagi,1991,2248558.0
Miyagi,1996,2338000.0
Miyagi,1997,2348000.0
Miyagi,1998,2355000.0
Miyagi,1999,2360000.0
Miyagi,2001,2371000.0
Miyagi,2002,2371000.0
Miyagi,2003,2373000.0
Miyagi,2004,2371000.0
Miyagi,2006,2355000.0
Miyagi,2007,2347000.0
Miyagi,2008,2340000.0
Miyagi,2009,2336000.0
Miyagi,2010,2348000.0
Miyagi,2011,2327000.0
Miyagi,2012,2325000.0
Miyagi,2013,2328000.0
Miyagi,2014,2328000.0
Miyagi,2015,2334000.0
Miyagi,2016,2330000.0
Miyagi,2017,2323000.0
Miyagi,2018,2316000.0
Miyagi,2019,2306000.0
Miyagi,2020,2302000.0
Miyagi,2021,2290000.0
Miyagi,2022,2280000.0
Miyagi,2023,2264000.0
Miyagi,2024,2248000.0
Miyazaki,1873,382564.0
Miyazaki,1874,388083.0
Miyazaki,1875,384071.0
Miyazaki,1876,388508.0
Miyazaki,1884,381879.0
Miyazaki,1885,383769.0
Miyazaki,1886,386299.0
Miyazaki,1887,394261.0
Miyazaki,1888,403810.0
Miyazaki,1889,407827.0
Miyazaki,1890,412729.0
Miyazaki,1891,416824.0
Miyazaki,1892,424033.0
Miyazaki,1893,431693.0
Miyazaki,1894,436067.0
Miyazaki,1895,439273.0
Miyazaki,1896,447126.0
Miyazaki,1897,450416.0
Miyazaki,1898,455535.0
Miyazaki,1899,464510.0
Miyazaki,1904,501926.0
Miyazaki,1909,542088.0
Miyazaki,1914,597472.0
Miyazaki,1919,651151.0
Miyazaki,1921,651097.0
Miyazaki,1926,691094.0
Miyazaki,1931,760467.0
Miyazaki,1936,824431.0
Miyazaki,1941,840357.0
Miyazaki,1944,839556.0
Miyazaki,1946,935771.5
Miyazaki,1948,1025689.0
Miyazaki,1949,1052483.0
Miyazaki,1951,1091427.0
Miyazaki,1956,1139384.0
Miyazaki,1961,1134590.0
Miyazaki,1966,1080692.0
Miyazaki,1971,1051105.0
Miyazaki,1976,1085055.0
Miyazaki,1981,1151587.0
Miyazaki,1986,1175543.0
Miyazaki,1991,1168907.0
Miyazaki,1996,1177000.0
Miyazaki,1997,1177000.0
Miyazaki,1998,1176000.0
Miyazaki,1999,1176000.0
Miyazaki,2001,1169000.0
Miyazaki,2002,1167000.0
Miyazaki,2003,1164000.0
Miyazaki,2004,1162000.0
Miyazaki,2006,1148000.0
Miyazaki,2007,1143000.0
Miyazaki,2008,1136000.0
Miyazaki,2009,1132000.0
Miyazaki,2010,1135000.0
Miyazaki,2011,1131000.0
Miyazaki,2012,1126000.0
Miyazaki,2013,1120000.0
Miyazaki,2014,1114000.0
Miyazaki,2015,1104000.0
Miyazaki,2016,1096000.0
Miyazaki,2017,1089000.0
Miyazaki,2018,1081000.0
Miyazaki,2019,1073000.0
Miyazaki,2020,1070000.0
Miyazaki,2021,1061000.0
Miyazaki,2022,1052000.0
Miyazaki,2023,1042000.0
Miyazaki,2024,1033000.0
Nagano,1872,1233095.0
Nagano,1873,1239365.0
Nagano,1874,1246892.0
Nagano,1875,1263045.0
Nagano,1876,1276118.0
Nagano,1877,965677.0
Nagano,1878,973959.0
Nagano,1879,986077.0
Nagano,1880,1000414.0
Nagano,1881,1012142.0
Nagano,1882,1022408.0
Nagano,1883,1033969.0
Nagano,1884,1043341.0
Nagano,1885,1048065.0
Nagano,1886,1057494.0
Nagano,1887,1074069.0
Nagano,1888,1095998.0
Nagano,1889,1111946.0
Nagano,1890,1128690.0
Nagano,1891,1146071.0
Nagano,1892,1158936.0
Nagano,1893,1171819.0
Nagano,1894,1179234.0
Nagano,1895,1189936.0
Nagano,1896,1210435.0
Nagano,1897,1221113.0
Nagano,1898,1231859.0
Nagano,1899,1264918.0
Nagano,1904,1348556.0
Nagano,1909,1402072.0
Nagano,1914,1484205.0
Nagano,1919,1564354.0
Nagano,1921,1562722.0
Nagano,1926,1629217.0
Nagano,1931,1717118.0
Nagano,1936,1714000.0
Nagano,1941,1710729.0
Nagano,1944,1650511.0
Nagano,1946,2074849.0
Nagano,1948,2060010.0
Nagano,1949,2079682.0
Nagano,1951,2060831.0
Nagano,1956,2021292.0
Nagano,1961,1981433.0
Nagano,1966,1958007.0
Nagano,1971,1956917.0
Nagano,1976,2017564.0
Nagano,1981,2083934.0
Nagano,1986,2136927.0
Nagano,1991,2156627.0
Nagano,1996,2206000.0
Nagano,1997,2213000.0
Nagano,1998,2220000.0
Nagano,1999,2223000.0
Nagano,2001,2223000.0
Nagano,2002,2217000.0
Nagano,2003,2215000.0
Nagano,2004,2211000.0
Nagano,2006,2189000.0
Nagano,2007,2180000.0
Nagano,2008,2171000.0
Nagano,2009,2159000.0
Nagano,2010,2152000.0
Nagano,2011,2142000.0
Nagano,2012,2132000.0
Nagano,2013,2122000.0
Nagano,2014,2109000.0
Nagano,2015,2099000.0
Nagano,2016,2088000.0
Nagano,2017,2076000.0
Nagano,2018,2063000.0
Nagano,2019,2049000.0
Nagano,2020,2048000.0
Nagano,2021,2033000.0
Nagano,2022,2020000.0
Nagano,2023,2004000.0
Nagano,2024,1987000.0
Nagasaki,1872,630487.0
Nagasaki,1873,665123.0
Nagasaki,1874,668482.0
Nagasaki,1875,668974.0
Nagasaki,1876,672278.0
Nagasaki,1877,1167367.0
Nagasaki,1878,1173263.0
Nagasaki,1879,1192134.0
Nagasaki,1880,1190335.0
Nagasaki,1881,1196065.0
Nagasaki,1882,1204449.0
Nagasaki,1883,1212157.0
Nagasaki,1884,707604.0
Nagasaki,1885,712631.0
Nagasaki,1886,719082.0
Nagasaki,1887,729042.0
Nagasaki,1888,739825.0
Nagasaki,1889,752402.0
Nagasaki,1890,762812.0
Nagasaki,1891,773095.0
Nagasaki,1892,776779.0
Nagasaki,1893,786416.0
Nagasaki,1894,795461.0
Nagasaki,1895,803713.0
Nagasaki,1896,820338.0
Nagasaki,1897,832616.0
Nagasaki,1898,845441.0
Nagasaki,1899,902455.0
Nagasaki,1904,1015364.0
Nagasaki,1909,1103590.0
Nagasaki,1914,1134700.0
Nagasaki,1919,1230249.0
Nagasaki,1921,1136182.0
Nagasaki,1926,1163945.0
Nagasaki,1931,1233362.0
Nagasaki,1936,1296883.0
Nagasaki,1941,1370063.0
Nagasaki,1944,1490890.0
Nagasaki,1946,1368283.0
Nagasaki,1948,1531674.0
Nagasaki,1949,1565558.0
Nagasaki,1951,1645492.0
Nagasaki,1956,1747596.0
Nagasaki,1961,1760421.0
Nagasaki,1966,1641245.0
Nagasaki,1971,1570245.0
Nagasaki,1976,1571912.0
Nagasaki,1981,1590564.0
Nagasaki,1986,1593968.0
Nagasaki,1991,1562959.0
Nagasaki,1996,1541000.0
Nagasaki,1997,1536000.0
Nagasaki,1998,1530000.0
Nagasaki,1999,1525000.0
Nagasaki,2001,1513000.0
Nagasaki,2002,1507000.0
Nagasaki,2003,1501000.0
Nagasaki,2004,1495000.0
Nagasaki,2006,1466000.0
Nagasaki,2007,1453000.0
Nagasaki,2008,1440000.0
Nagasaki,2009,1430000.0
Nagasaki,2010,1427000.0
Nagasaki,2011,1417000.0
Nagasaki,2012,1408000.0
Nagasaki,2013,1397000.0
Nagasaki,2014,1386000.0
Nagasaki,2015,1377000.0
Nagasaki,2016,1367000.0
Nagasaki,2017,1354000.0
Nagasaki,2018,1341000.0
Nagasaki,2019,1327000.0
Nagasaki,2020,1312000.0
Nagasaki,2021,1297000.0
Nagasaki,2022,1283000.0
Nagasaki,2023,1267000.0
Nagasaki,2024,1252000.0
Nara,1872,418326.0
Nara,1873,423004.0
Nara,1874,427635.0
Nara,1875,430734.0
Nara,1876,433938.0
Nara,1888,489213.0
Nara,1889,496431.0
Nara,1890,498871.0
Nara,1891,500742.0
Nara,1892,502033.0
Nara,1893,506304.0
Nara,1894,508963.0
Nara,1895,512181.0
Nara,1896,518025.0
Nara,1897,521918.0
Nara,1898,524562.0
Nara,1899,535619.0
Nara,1904,558314.0
Nara,1909,569772.0
Nara,1914,600711.0
Nara,1919,594482.0
Nara,1921,564607.0
Nara,1926,583828.0
Nara,1931,596225.0
Nara,1936,620471.0
Nara,1941,620509.0
Nara,1944,606789.0
Nara,1946,762033.0
Nara,1948,779935.0
Nara,1949,778677.0
Nara,1951,763883.0
Nara,1956,776861.0
Nara,1961,781058.0
Nara,1966,825965.0
Nara,1971,930160.0
Nara,1976,1077491.0
Nara,1981,1209365.0
Nara,1986,1304866.0
Nara,1991,1375481.0
Nara,1996,1439000.0
Nara,1997,1444000.0
Nara,1998,1447000.0
Nara,1999,1449000.0
Nara,2001,1442000.0
Nara,2002,1438000.0
Nara,2003,1436000.0
Nara,2004,1431000.0
Nara,2006,1416000.0
Nara,2007,1410000.0
Nara,2008,1404000.0
Nara,2009,1399000.0
Nara,2010,1401000.0
Nara,2011,1396000.0
Nara,2012,1390000.0
Nara,2013,1383000.0
Nara,2014,1376000.0
Nara,2015,1364000.0
Nara,2016,1356000.0
Nara,2017,1348000.0
Nara,2018,1339000.0
Nara,2019,1330000.0
Nara,2020,1324000.0
Nara,2021,1315000.0
Nara,2022,1306000.0
Nara,2023,1296000.0
Nara,2024,1285000.0
Niigata,1872,1353733.0
Niigata,1873,1357222.0
Niigata,1874,1368782.0
Niigata,1875,1388353.0
Niigata,1876,1388812.0
Niigata,1877,1500061.0
Niigata,1878,1504601.0
Niigata,1879,1530712.0
Niigata,1880,1546338.0
Niigata,1881,1564312.0
Niigata,1882,1581168.0
Niigata,1883,1586599.0
Niigata,1884,1589304.0
Niigata,1885,1601796.0
Niigata,1886,1628650.0
Niigata,1887,1632257.0
Niigata,1888,1652736.0
Niigata,1889,1665378.0
Niigata,1890,1681985.0
Niigata,1891,1693727.0
Niigata,1892,1700427.0
Niigata,1893,1711968.0
Niigata,1894,1713384.0
Niigata,1895,1719562.0
Niigata,1896,1731329.0
Niigata,1897,1736456.0
Niigata,1898,1733629.0
Niigata,1899,1745625.0
Niigata,1904,1780123.0
Niigata,1909,1822239.0
Niigata,1914,1911308.0
Niigata,1919,1916017.0
Niigata,1921,1776474.0
Niigata,1926,1849807.0
Niigata,1931,1933326.0
Niigata,1936,1995777.0
Niigata,1941,2064402.0
Niigata,1944,1994817.0
Niigata,1946,2358232.0
Niigata,1948,2418271.0
Niigata,1949,2435451.0
Niigata,1951,2460997.0
Niigata,1956,2473492.0
Niigata,1961,2442037.0
Niigata,1966,2398931.0
Niigata,1971,2360982.0
Niigata,1976,2391938.0
Niigata,1981,2451357.0
Niigata,1986,2478470.0
Niigata,1991,2474583.0
Niigata,1996,2492000.0
Niigata,1997,2494000.0
Niigata,1998,2494000.0
Niigata,1999,2490000.0
Niigata,2001,2473000.0
Niigata,2002,2465000.0
Niigata,2003,2460000.0
Niigata,2004,2452000.0
Niigata,2006,2418000.0
Niigata,2007,2405000.0
Niigata,2008,2391000.0
Niigata,2009,2378000.0
Niigata,2010,2374000.0
Niigata,2011,2362000.0
Niigata,2012,2347000.0
Niigata,2013,2330000.0
Niigata,2014,2313000.0
Niigata,2015,2304000.0
Niigata,2016,2286000.0
Niigata,2017,2267000.0
Niigata,2018,2246000.0
Niigata,2019,2223000.0
Niigata,2020,2201000.0
Niigata,2021,2177000.0
Niigata,2022,2153000.0
Niigata,2023,2126000.0
Niigata,2024,2099000.0
Oita,1872,562318.0
Oita,1873,565460.0
Oita,1874,578163.0
Oita,1875,580347.0
Oita,1876,583740.0
Oita,1877,714234.0
Oita,1878,718816.0
Oita,1879,728115.0
Oita,1880,731964.0
Oita,1881,740009.0
Oita,1882,741201.0
Oita,1883,746411.0
Oita,1884,752161.0
Oita,1885,757747.0
Oita,1886,761476.0
Oita,1887,762275.0
Oita,1888,773101.0
Oita,1889,781554.0
Oita,1890,788635.0
Oita,1891,792085.0
Oita,1892,790063.0
Oita,1893,792912.0
Oita,1894,794050.0
Oita,1895,796456.0
Oita,1896,805374.0
Oita,1897,814064.0
Oita,1898,819996.0
Oita,1899,835917.0
Oita,1904,854982.0
Oita,1909,880290.0
Oita,1914,926936.0
Oita,1919,920994.0
Oita,1921,860282.0
Oita,1926,915136.0
Oita,1931,945771.0
Oita,1936,980458.0
Oita,1941,972975.0
Oita,1944,973707.0
Oita,1946,1137007.0
Oita,1948,1233651.0
Oita,1949,1245689.0
Oita,1951,1252999.0
Oita,1956,1277199.0
Oita,1961,1239655.0
Oita,1966,1187480.0
Oita,1971,1155566.0
Oita,1976,1190314.0
Oita,1981,1228913.0
Oita,1986,1250214.0
Oita,1991,1236942.0
Oita,1996,1230000.0
Oita,1997,1229000.0
Oita,1998,1228000.0
Oita,1999,1226000.0
Oita,2001,1221000.0
Oita,2002,1219000.0
Oita,2003,1218000.0
Oita,2004,1215000.0
Oita,2006,1206000.0
Oita,2007,1203000.0
Oita,2008,1200000.0
Oita,2009,1195000.0
Oita,2010,1197000.0
Oita,2011,1191000.0
Oita,2012,1185000.0
Oita,2013,1178000.0
Oita,2014,1171000.0
Oita,2015,1166000.0
Oita,2016,1160000.0
Oita,2017,1152000.0
Oita,2018,1144000.0
Oita,2019,1135000.0
Oita,2020,1124000.0
Oita,2021,1114000.0
Oita,2022,1107000.0
Oita,2023,1096000.0
Oita,2024,1085000.0
Okayama,1872,933889.0
Okayama,1873,939380.0
Okayama,1874,941928.0
Okayama,1875,955239.0
Okayama,1876,961035.0
Okayama,1877,976774.0
Okayama,1878,984621.0
Okayama,1879,1001220.0
Okayama,1880,1000570.0
Okayama,1881,1007054.0
Okayama,1882,1019674.0
Okayama,1883,1029567.0
Okayama,1884,1037239.0
Okayama,1885,1040280.0
Okayama,1886,1045669.0
Okayama,1887,1043029.0
Okayama,1888,1051333.0
Okayama,1889,1062155.0
Okayama,1890,1068086.0
Okayama,1891,1072706.0
Okayama,1892,1076391.0
Okayama,1893,1082745.0
Okayama,1894,1084423.0
Okayama,1895,1083743.0
Okayama,1896,1094551.0
Okayama,1897,1100984.0
Okayama,1898,1108393.0
Okayama,1899,1135826.0
Okayama,1904,1188244.0
Okayama,1909,1223207.0
Okayama,1914,1261142.0
Okayama,1919,1285590.0
Okayama,1921,1217698.0
Okayama,1926,1238447.0
Okayama,1931,1283962.0
Okayama,1936,1332647.0
Okayama,1941,1329358.0
Okayama,1944,1333300.0
Okayama,1946,1551623.5
Okayama,1948,1619622.0
Okayama,1949,1650285.0
Okayama,1951,1661099.0
Okayama,1956,1689800.0
Okayama,1961,1670454.0
Okayama,1966,1645135.0
Okayama,1971,1707026.0
Okayama,1976,1814305.0
Okayama,1981,1871023.0
Okayama,1986,1916906.0
Okayama,1991,1925877.0
Okayama,1996,1953000.0
Okayama,1997,1956000.0
Okayama,1998,1958000.0
Okayama,1999,1959000.0
Okayama,2001,1953000.0
Okayama,2002,1953000.0
Okayama,2003,1953000.0
Okayama,2004,1952000.0
Okayama,2006,1955000.0
Okayama,2007,1953000.0
Okayama,2008,1948000.0
Okayama,2009,1942000.0
Okayama,2010,1945000.0
Okayama,2011,1941000.0
Okayama,2012,1936000.0
Okayama,2013,1930000.0
Okayama,2014,1924000.0
Okayama,2015,1922000.0
Okayama,2016,1915000.0
Okayama,2017,1907000.0
Okayama,2018,1898000.0
Okayama,2019,1890000.0
Okayama,2020,1888000.0
Okayama,2021,1876000.0
Okayama,2022,1862000.0
Okayama,2023,1847000.0
Okayama,2024,1831000.0
Okinawa,1872,166789.0
Okinawa,1873,166789.0
Okinawa,1874,167073.0
Okinawa,1875,167320.0
Okinawa,1876,167572.0
Okinawa,1877,167822.0
Okinawa,1878,168064.0
Okinawa,1879,310545.0
Okinawa,1880,310545.0
Okinawa,1881,356801.0
Okinawa,1882,358880.0
Okinawa,1883,360770.0
Okinawa,1884,364701.0
Okinawa,1885,367874.0
Okinawa,1886,373587.0
Okinawa,1887,378809.0
Okinawa,1888,375280.0
Okinawa,1889,374266.0
Okinawa,1890,381142.0
Okinawa,1891,406622.0
Okinawa,1892,412354.0
Okinawa,1893,419970.0
Okinawa,1894,421769.0
Okinawa,1895,432078.0
Okinawa,1896,439578.0
Okinawa,1897,442834.0
Okinawa,1898,449112.0
Okinawa,1899,460221.0
Okinawa,1904,476230.0
Okinawa,1909,502309.0
Okinawa,1914,534415.0
Okinawa,1919,580940.0
Okinawa,1921,571572.0
Okinawa,1926,557622.0
Okinawa,1931,577509.0
Okinawa,1936,592494.0
Okinawa,1941,574579.0
Okinawa,1944,590480.0
Okinawa,1951,917875.0
Okinawa,1956,801065.0
Okinawa,1961,883122.0
Okinawa,1966,934176.0
Okinawa,1971,945111.0
Okinawa,1976,1042572.0
Okinawa,1981,1106559.0
Okinawa,1986,1179097.0
Okinawa,1991,1222398.0
Okinawa,1996,1283000.0
Okinawa,1997,1291000.0
Okinawa,1998,1301000.0
Okinawa,1999,1312000.0
Okinawa,2001,1329000.0
Okinawa,2002,1339000.0
Okinawa,2003,1349000.0
Okinawa,2004,1359000.0
Okinawa,2006,1368000.0
Okinawa,2007,1373000.0
Okinawa,2008,1376000.0
Okinawa,2009,1382000.0
Okinawa,2010,1393000.0
Okinawa,2011,1401000.0
Okinawa,2012,1409000.0
Okinawa,2013,1415000.0
Okinawa,2014,1421000.0
Okinawa,2015,1434000.0
Okinawa,2016,1439000.0
Okinawa,2017,1443000.0
Okinawa,2018,1448000.0
Okinawa,2019,1453000.0
Okinawa,2020,1467000.0
Okinawa,2021,1468000.0
Okinawa,2022,1468000.0
Okinawa,2023,1468000.0
Okinawa,2024,1466000.0
Osaka,1872,1108030.0
Osaka,1873,1113489.0
Osaka,1874,1122769.0
Osaka,1875,1143018.0
Osaka,1876,1152217.0
Osaka,1877,1463688.0
Osaka,1878,1476807.0
Osaka,1879,1534018.0
Osaka,1880,1540075.0
Osaka,1881,1547440.0
Osaka,1882,1572333.0
Osaka,1883,1585696.0
Osaka,1884,1653157.0
Osaka,1885,1681935.0
Osaka,1886,1691243.0
Osaka,1887,1695196.0
Osaka,1888,1245695.0
Osaka,1889,1281150.0
Osaka,1890,1324216.0
Osaka,1891,1348317.0
Osaka,1892,1357358.0
Osaka,1893,1370232.0
Osaka,1894,1380768.0
Osaka,1895,1400308.0
Osaka,1896,1422750.0
Osaka,1897,1456176.0
Osaka,1898,1503771.0
Osaka,1899,1600923.0
Osaka,1904,1823456.0
Osaka,1909,2144030.0
Osaka,1914,2461067.0
Osaka,1919,2888492.0
Osaka,1921,2587847.0
Osaka,1926,3059502.0
Osaka,1931,3540017.0
Osaka,1936,4297174.0
Osaka,1941,4792966.0
Osaka,1944,4412953.0
Osaka,1946,2888549.0
Osaka,1948,3334659.0
Osaka,1949,3515225.0
Osaka,1951,3857047.0
Osaka,1956,4618308.0
Osaka,1961,5504746.0
Osaka,1966,6657189.0
Osaka,1971,7620480.0
Osaka,1976,8278925.0
Osaka,1981,8473446.0
Osaka,1986,8668095.0
Osaka,1991,8734516.0
Osaka,1996,8804000.0
Osaka,1997,8802000.0
Osaka,1998,8804000.0
Osaka,1999,8801000.0
Osaka,2001,8818000.0
Osaka,2002,8815000.0
Osaka,2003,8816000.0
Osaka,2004,8814000.0
Osaka,2006,8815000.0
Osaka,2007,8812000.0
Osaka,2008,8806000.0
Osaka,2009,8801000.0
Osaka,2010,8865000.0
Osaka,2011,8861000.0
Osaka,2012,8856000.0
Osaka,2013,8849000.0
Osaka,2014,8836000.0
Osaka,2015,8839000.0
Osaka,2016,8833000.0
Osaka,2017,8823000.0
Osaka,2018,8813000.0
Osaka,2019,8809000.0
Osaka,2020,8838000.0
Osaka,2021,8806000.0
Osaka,2022,8782000.0
Osaka,2023,8763000.0
Osaka,2024,8757000.0
Saga,1872,506667.0
Saga,1873,480034.0
Saga,1874,486946.0
Saga,1875,487008.0
Saga,1876,491260.0
Saga,1884,519712.0
Saga,1885,522697.0
Saga,1886,527244.0
Saga,1887,534981.0
Saga,1888,547832.0
Saga,1889,553423.0
Saga,1890,560594.0
Saga,1891,565568.0
Saga,1892,568925.0
Saga,1893,569831.0
Saga,1894,577175.0
Saga,1895,579844.0
Saga,1896,587287.0
Saga,1897,596275.0
Saga,1898,599679.0
Saga,1899,618679.0
Saga,1904,654593.0
Saga,1909,671531.0
Saga,1914,693611.0
Saga,1919,679322.0
Saga,1921,673895.0
Saga,1926,684831.0
Saga,1931,691565.0
Saga,1936,686117.0
Saga,1941,701517.0
Saga,1944,705651.0
Saga,1946,843561.5
Saga,1948,917797.0
Saga,1949,931336.0
Saga,1951,945082.0
Saga,1956,973749.0
Saga,1961,942874.0
Saga,1966,871885.0
Saga,1971,838468.0
Saga,1976,837674.0
Saga,1981,865574.0
Saga,1986,880013.0
Saga,1991,877851.0
Saga,1996,886000.0
Saga,1997,885000.0
Saga,1998,884000.0
Saga,1999,884000.0
Saga,2001,876000.0
Saga,2002,874000.0
Saga,2003,872000.0
Saga,2004,870000.0
Saga,2006,863000.0
Saga,2007,859000.0
Saga,2008,856000.0
Saga,2009,852000.0
Saga,2010,850000.0
Saga,2011,847000.0
Saga,2012,843000.0
Saga,2013,840000.0
Saga,2014,835000.0
Saga,2015,833000.0
Saga,2016,828000.0
Saga,2017,824000.0
Saga,2018,819000.0
Saga,2019,815000.0
Saga,2020,811000.0
Saga,2021,806000.0
Saga,2022,801000.0
Saga,2023,795000.0
Saga,2024,788000.0
Saitama,1872,837941.0
Saitama,1873,843918.0
Saitama,1874,1244349.0
Saitama,1875,1268853.0
Saitama,1876,1298608.0
Saitama,1877,901714.0
Saitama,1878,912528.0
Saitama,1879,929939.0
Saitama,1880,933955.0
Saitama,1881,952689.0
Saitama,1882,962717.0
Saitama,1883,970598.0
Saitama,1884,985889.0
Saitama,1885,994704.0
Saitama,1886,1004020.0
Saitama,1887,1015824.0
Saitama,1888,1039376.0
Saitama,1889,1054483.0
Saitama,1890,1069144.0
Saitama,1891,1081121.0
Saitama,1892,1087361.0
Saitama,1893,1098947.0
Saitama,1894,1109604.0
Saitama,1895,1119126.0
Saitama,1896,1137773.0
Saitama,1897,1147133.0
Saitama,1898,1152823.0
Saitama,1899,1175697.0
Saitama,1904,1240280.0
Saitama,1909,1284502.0
Saitama,1914,1343674.0
Saitama,1919,1391712.0
Saitama,1921,1319533.0
Saitama,1926,1394461.0
Saitama,1931,1459172.0
Saitama,1936,1528854.0
Saitama,1941,1608039.0
Saitama,1944,1647625.0
Saitama,1946,2037907.0
Saitama,1948,2100453.0
Saitama,1949,2132221.0
Saitama,1951,2146445.0
Saitama,1956,2262623.0
Saitama,1961,2430871.0
Saitama,1966,3014983.0
Saitama,1971,3866472.0
Saitama,1976,4821340.0
Saitama,1981,5420480.0
Saitama,1986,5863678.0
Saitama,1991,6405319.0
Saitama,1996,6809000.0
Saitama,1997,6852000.0
Saitama,1998,6894000.0
Saitama,1999,6929000.0
Saitama,2001,6978000.0
Saitama,2002,7001000.0
Saitama,2003,7029000.0
Saitama,2004,7047000.0
Saitama,2006,7071000.0
Saitama,2007,7090000.0
Saitama,2008,7113000.0
Saitama,2009,7130000.0
Saitama,2010,7195000.0
Saitama,2011,7207000.0
Saitama,2012,7212000.0
Saitama,2013,7222000.0
Saitama,2014,7239000.0
Saitama,2015,7267000.0
Saitama,2016,7289000.0
Saitama,2017,7310000.0
Saitama,2018,7330000.0
Saitama,2019,7350000.0
Saitama,2020,7345000.0
Saitama,2021,7340000.0
Saitama,2022,7337000.0
Saitama,2023,7331000.0
Saitama,2024,7332000.0
Shiga,1872,576564.0
Shiga,1873,578099.0
Shiga,1874,579704.0
Shiga,1875,584756.0
Shiga,1876,589747.0
Shiga,1877,711802.0
Shiga,1878,721099.0
Shiga,1879,729893.0
Shiga,1880,738211.0
Shiga,1881,745133.0
Shiga,1882,633447.0
Shiga,1883,639961.0
Shiga,1884,639634.0
Shiga,1885,645519.0
Shiga,1886,648339.0
Shiga,1887,654558.0
Shiga,1888,661323.0
Shiga,1889,667563.0
Shiga,1890,671788.0
Shiga,1891,677502.0
Shiga,1892,678775.0
Shiga,1893,681145.0
Shiga,1894,682455.0
Shiga,1895,686715.0
Shiga,1896,690043.0
Shiga,1897,689723.0
Shiga,1898,688343.0
Shiga,1899,694606.0
Shiga,1904,716920.0
Shiga,1909,694370.0
Shiga,1914,697369.0
Shiga,1919,703944.0
Shiga,1921,651050.0
Shiga,1926,662412.0
Shiga,1931,691631.0
Shiga,1936,711436.0
Shiga,1941,703679.0
Shiga,1944,691972.0
Shiga,1946,846108.5
Shiga,1948,858367.0
Shiga,1949,872775.0
Shiga,1951,861180.0
Shiga,1956,853734.0
Shiga,1961,842695.0
Shiga,1966,853385.0
Shiga,1971,889768.0
Shiga,1976,985621.0
Shiga,1981,1079898.0
Shiga,1986,1155844.0
Shiga,1991,1222411.0
Shiga,1996,1298000.0
Shiga,1997,1311000.0
Shiga,1998,1323000.0
Shiga,1999,1333000.0
Shiga,2001,1353000.0
Shiga,2002,1359000.0
Shiga,2003,1366000.0
Shiga,2004,1372000.0
Shiga,2006,1389000.0
Shiga,2007,1396000.0
Shiga,2008,1402000.0
Shiga,2009,1405000.0
Shiga,2010,1411000.0
Shiga,2011,1414000.0
Shiga,2012,1415000.0
Shiga,2013,1416000.0
Shiga,2014,1416000.0
Shiga,2015,1413000.0
Shiga,2016,1413000.0
Shiga,2017,1413000.0
Shiga,2018,1412000.0
Shiga,2019,1414000.0
Shiga,2020,1414000.0
Shiga,2021,1411000.0
Shiga,2022,1409000.0
Shiga,2023,1407000.0
Shiga,2024,1402000.0
Shimane,1872,599653.0
Shimane,1873,602257.0
Shimane,1874,604020.0
Shimane,1875,608853.0
Shimane,1876,613425.0
Shimane,1877,1017361.0
Shimane,1878,1023678.0
Shimane,1879,1034581.0
Shimane,1880,1037260.0
Shimane,1881,1043865.0
Shimane,1882,669410.0
Shimane,1883,674984.0
Shimane,1884,678813.0
Shimane,1885,682536.0
Shimane,1886,684856.0
Shimane,1887,684257.0
Shimane,1888,688127.0
Shimane,1889,692101.0
Shimane,1890,695782.0
Shimane,1891,697878.0
Shimane,1892,700665.0
Shimane,1893,703256.0
Shimane,1894,702301.0
Shimane,1895,700921.0
Shimane,1896,705674.0
Shimane,1897,706028.0
Shimane,1898,709065.0
Shimane,1899,716586.0
Shimane,1904,731295.0
Shimane,1909,738048.0
Shimane,1914,758754.0
Shimane,1919,717530.0
Shimane,1921,714712.0
Shimane,1926,722402.0
Shimane,1931,739507.0
Shimane,1936,747119.0
Shimane,1941,740940.0
Shimane,1944,729819.0
Shimane,1946,854635.0
Shimane,1948,894267.0
Shimane,1949,903576.0
Shimane,1951,912551.0
Shimane,1956,929066.0
Shimane,1961,888886.0
Shimane,1966,821620.0
Shimane,1971,773575.0
Shimane,1976,768886.0
Shimane,1981,784795.0
Shimane,1986,794629.0
Shimane,1991,781021.0
Shimane,1996,770000.0
Shimane,1997,768000.0
Shimane,1998,766000.0
Shimane,1999,764000.0
Shimane,2001,761000.0
Shimane,2002,757000.0
Shimane,2003,753000.0
Shimane,2004,749000.0
Shimane,2006,737000.0
Shimane,2007,731000.0
Shimane,2008,725000.0
Shimane,2009,718000.0
Shimane,2010,717000.0
Shimane,2011,712000.0
Shimane,2012,707000.0
Shimane,2013,702000.0
Shimane,2014,697000.0
Shimane,2015,694000.0
Shimane,2016,690000.0
Shimane,2017,685000.0
Shimane,2018,680000.0
Shimane,2019,674000.0
Shimane,2020,671000.0
Shimane,2021,665000.0
Shimane,2022,658000.0
Shimane,2023,650000.0
Shimane,2024,642000.0
Shizuoka,1872,1123015.0
Shizuoka,1873,1128572.0
Shizuoka,1874,1131527.0
Shizuoka,1875,1152198.0
Shizuoka,1876,1160036.0
Shizuoka,1877,968814.0
Shizuoka,1878,976405.0
Shizuoka,1879,980766.0
Shizuoka,1880,970022.0
Shizuoka,1881,972265.0
Shizuoka,1882,980793.0
Shizuoka,1883,985881.0
Shizuoka,1884,982512.0
Shizuoka,1885,991127.0
Shizuoka,1886,1002693.0
Shizuoka,1887,1019301.0
Shizuoka,1888,1038941.0
Shizuoka,1889,1058226.0
Shizuoka,1890,1070841.0
Shizuoka,1891,1084562.0
Shizuoka,1892,1094476.0
Shizuoka,1893,1105875.0
Shizuoka,1894,1117127.0
Shizuoka,1895,1128584.0
Shizuoka,1896,1148653.0
Shizuoka,1897,1162613.0
Shizuoka,1898,1175982.0
Shizuoka,1899,1200322.0
Shizuoka,1904,1293470.0
Shizuoka,1909,1376048.0
Shizuoka,1914,1483712.0
Shizuoka,1919,1591772.0
Shizuoka,1921,1550387.0
Shizuoka,1926,1671217.0
Shizuoka,1931,1797805.0
Shizuoka,1936,1939860.0
Shizuoka,1941,2017860.0
Shizuoka,1944,2027856.0
Shizuoka,1946,2240208.5
Shizuoka,1948,2353005.0
Shizuoka,1949,2407102.0
Shizuoka,1951,2471472.0
Shizuoka,1956,2650435.0
Shizuoka,1961,2756271.0
Shizuoka,1966,2912521.0
Shizuoka,1971,3089895.0
Shizuoka,1976,3308799.0
Shizuoka,1981,3446804.0
Shizuoka,1986,3574692.0
Shizuoka,1991,3670840.0
Shizuoka,1996,3749000.0
Shizuoka,1997,3760000.0
Shizuoka,1998,3770000.0
Shizuoka,1999,3776000.0
Shizuoka,2001,3781000.0
Shizuoka,2002,3786000.0
Shizuoka,2003,3793000.0
Shizuoka,2004,3795000.0
Shizuoka,2006,3797000.0
Shizuoka,2007,3801000.0
Shizuoka,2008,3800000.0
Shizuoka,2009,3792000.0
Shizuoka,2010,3765000.0
Shizuoka,2011,3749000.0
Shizuoka,2012,3735000.0
Shizuoka,2013,3723000.0
Shizuoka,2014,3705000.0
Shizuoka,2015,3700000.0
Shizuoka,2016,3688000.0
Shizuoka,2017,3675000.0
Shizuoka,2018,3659000.0
Shizuoka,2019,3644000.0
Shizuoka,2020,3633000.0
Shizuoka,2021,3608000.0
Shizuoka,2022,3582000.0
Shizuoka,2023,3555000.0
Shizuoka,2024,3527000.0
Tochigi,1872,623058.0
Tochigi,1873,626994.0
Tochigi,1874,636348.0
Tochigi,1875,648503.0
Tochigi,1876,665724.0
Tochigi,1877,543245.0
Tochigi,1878,550271.0
Tochigi,1879,570843.0
Tochigi,1880,581358.0
Tochigi,1881,593383.0
Tochigi,1882,600627.0
Tochigi,1883,609000.0
Tochigi,1884,627441.0
Tochigi,1885,635751.0
Tochigi,1886,641420.0
Tochigi,1887,655880.0
Tochigi,1888,670042.0
Tochigi,1889,684341.0
Tochigi,1890,699121.0
Tochigi,1891,713362.0
Tochigi,1892,722510.0
Tochigi,1893,731893.0
Tochigi,1894,744426.0
Tochigi,1895,751874.0
Tochigi,1896,767478.0
Tochigi,1897,781864.0
Tochigi,1898,798946.0
Tochigi,1899,829630.0
Tochigi,1904,912274.0
Tochigi,1909,977437.0
Tochigi,1914,1044177.0
Tochigi,1919,1103333.0
Tochigi,1921,1046479.0
Tochigi,1926,1090428.0
Tochigi,1931,1141737.0
Tochigi,1936,1195057.0
Tochigi,1941,1206657.0
Tochigi,1944,1203679.0
Tochigi,1946,1524987.0
Tochigi,1948,1534311.0
Tochigi,1949,1557860.0
Tochigi,1951,1550462.0
Tochigi,1956,1547580.0
Tochigi,1961,1513624.0
Tochigi,1966,1521656.0
Tochigi,1971,1580021.0
Tochigi,1976,1698003.0
Tochigi,1981,1792201.0
Tochigi,1986,1866066.0
Tochigi,1991,1935168.0
Tochigi,1996,1993000.0
Tochigi,1997,2001000.0
Tochigi,1998,2008000.0
Tochigi,1999,2012000.0
Tochigi,2001,2010000.0
Tochigi,2002,2010000.0
Tochigi,2003,2011000.0
Tochigi,2004,2013000.0
Tochigi,2006,2015000.0
Tochigi,2007,2014000.0
Tochigi,2008,2011000.0
Tochigi,2009,2006000.0
Tochigi,2010,2008000.0
Tochigi,2011,2000000.0
Tochigi,2012,1992000.0
Tochigi,2013,1986000.0
Tochigi,2014,1980000.0
Tochigi,2015,1974000.0
Tochigi,2016,1966000.0
Tochigi,2017,1957000.0
Tochigi,2018,1946000.0
Tochigi,2019,1934000.0
Tochigi,2020,1933000.0
Tochigi,2021,1921000.0
Tochigi,2022,1909000.0
Tochigi,2023,1897000.0
Tochigi,2024,1885000.0
Tokushima,1881,637550.0
Tokushima,1882,642172.0
Tokushima,1883,649616.0
Tokushima,1884,651109.0
Tokushima,1885,651731.0
Tokushima,1886,656064.0
Tokushima,1887,661548.0
Tokushima,1888,670963.0
Tokushima,1889,676154.0
Tokushima,1890,681863.0
Tokushima,1891,683994.0
Tokushima,1892,682225.0
Tokushima,1893,682398.0
Tokushima,1894,679046.0
Tokushima,1895,670745.0
Tokushima,1896,674976.0
Tokushima,1897,675570.0
Tokushima,1898,676694.0
Tokushima,1899,688123.0
Tokushima,1904,707545.0
Tokushima,1909,720888.0
Tokushima,1914,742320.0
Tokushima,1919,744088.0
Tokushima,1921,670212.0
Tokushima,1926,689814.0
Tokushima,1931,716544.0
Tokushima,1936,728748.0
Tokushima,1941,718717.0
Tokushima,1944,703260.0
Tokushima,1946,832584.0
Tokushima,1948,854811.0
Tokushima,1949,869290.0
Tokushima,1951,878511.0
Tokushima,1956,878109.0
Tokushima,1961,847274.0
Tokushima,1966,815115.0
Tokushima,1971,791111.0
Tokushima,1976,805166.0
Tokushima,1981,825261.0
Tokushima,1986,834889.0
Tokushima,1991,831598.0
Tokushima,1996,832000.0
Tokushima,1997,831000.0
Tokushima,1998,831000.0
Tokushima,1999,830000.0
Tokushima,2001,822000.0
Tokushima,2002,820000.0
Tokushima,2003,817000.0
Tokushima,2004,813000.0
Tokushima,2006,805000.0
Tokushima,2007,800000.0
Tokushima,2008,794000.0
Tokushima,2009,789000.0
Tokushima,2010,785000.0
Tokushima,2011,780000.0
Tokushima,2012,776000.0
Tokushima,2013,770000.0
Tokushima,2014,764000.0
Tokushima,2015,756000.0
Tokushima,2016,750000.0
Tokushima,2017,743000.0
Tokushima,2018,736000.0
Tokushima,2019,728000.0
Tokushima,2020,720000.0
Tokushima,2021,712000.0
Tokushima,2022,704000.0
Tokushima,2023,695000.0
Tokushima,2024,685000.0
Tokyo,1872,779361.0
Tokyo,1873,813504.0
Tokyo,1874,830935.0
Tokyo,1875,855270.0
Tokyo,1876,1081585.0
Tokyo,1877,877049.0
Tokyo,1878,881443.0
Tokyo,1879,953776.0
Tokyo,1880,957144.0
Tokyo,1881,979109.0
Tokyo,1882,987911.0
Tokyo,1883,999623.0
Tokyo,1884,1217542.0
Tokyo,1885,1233843.0
Tokyo,1886,1276506.0
Tokyo,1887,1455647.0
Tokyo,1888,1509757.0
Tokyo,1889,1559517.0
Tokyo,1890,1628551.0
Tokyo,1891,1486671.0
Tokyo,1892,1500026.0
Tokyo,1893,1519583.0
Tokyo,1894,1790731.0
Tokyo,1895,1829583.0
Tokyo,1896,1867913.0
Tokyo,1897,1907174.0
Tokyo,1898,1948581.0
Tokyo,1899,2101784.0
Tokyo,1904,2532677.0
Tokyo,1909,3053946.0
Tokyo,1914,3145365.0
Tokyo,1919,3719335.0
Tokyo,1921,3699428.0
Tokyo,1926,4485144.0
Tokyo,1931,5408678.0
Tokyo,1936,6369919.0
Tokyo,1941,7354971.0
Tokyo,1944,7271001.0
Tokyo,1946,3835678.0
Tokyo,1948,5000777.0
Tokyo,1949,5417871.0
Tokyo,1951,6277500.0
Tokyo,1956,8037084.0
Tokyo,1961,9683802.0
Tokyo,1966,10869244.0
Tokyo,1971,11408071.0
Tokyo,1976,11673554.0
Tokyo,1981,11618281.0
Tokyo,1986,11829363.0
Tokyo,1991,11855563.0
Tokyo,1996,11772000.0
Tokyo,1997,11808000.0
Tokyo,1998,11830000.0
Tokyo,1999,11837000.0
Tokyo,2001,12138000.0
Tokyo,2002,12219000.0
Tokyo,2003,12310000.0
Tokyo,2004,12378000.0
Tokyo,2006,12659000.0
Tokyo,2007,12758000.0
Tokyo,2008,12838000.0
Tokyo,2009,12868000.0
Tokyo,2010,13159000.0
Tokyo,2011,13196000.0
Tokyo,2012,13230000.0
Tokyo,2013,13300000.0
Tokyo,2014,13390000.0
Tokyo,2015,13515000.0
Tokyo,2016,13624000.0
Tokyo,2017,13724000.0
Tokyo,2018,13822000.0
Tokyo,2019,13921000.0
Tokyo,2020,14048000.0
Tokyo,2021,14010000.0
Tokyo,2022,14038000.0
Tokyo,2023,14086000.0
Tokyo,2024,14178000.0
Tottori,1872,385531.0
Tottori,1873,386186.0
Tottori,1874,388861.0
Tottori,1875,392589.0
Tottori,1876,395632.0
Tottori,1882,380915.0
Tottori,1883,379747.0
Tottori,1884,381300.0
Tottori,1885,381838.0
Tottori,1886,383241.0
Tottori,1887,386083.0
Tottori,1888,390061.0
Tottori,1889,394333.0
Tottori,1890,399060.0
Tottori,1891,401697.0
Tottori,1892,403589.0
Tottori,1893,405725.0
Tottori,1894,404321.0
Tottori,1895,404111.0
Tottori,1896,407650.0
Tottori,1897,411585.0
Tottori,1898,412965.0
Tottori,1899,421020.0
Tottori,1904,435959.0
Tottori,1909,441142.0
Tottori,1914,470674.0
Tottori,1919,465281.0
Tottori,1921,454675.0
Tottori,1926,472230.0
Tottori,1931,489266.0
Tottori,1936,490461.0
Tottori,1941,484390.0
Tottori,1944,476284.0
Tottori,1946,560324.5
Tottori,1948,587606.0
Tottori,1949,592863.0
Tottori,1951,600177.0
Tottori,1956,614259.0
Tottori,1961,599135.0
Tottori,1966,579853.0
Tottori,1971,568777.0
Tottori,1976,581311.0
Tottori,1981,604221.0
Tottori,1986,616024.0
Tottori,1991,615722.0
Tottori,1996,614000.0
Tottori,1997,614000.0
Tottori,1998,615000.0
Tottori,1999,614000.0
Tottori,2001,613000.0
Tottori,2002,612000.0
Tottori,2003,611000.0
Tottori,2004,609000.0
Tottori,2006,604000.0
Tottori,2007,600000.0
Tottori,2008,595000.0
Tottori,2009,591000.0
Tottori,2010,589000.0
Tottori,2011,585000.0
Tottori,2012,582000.0
Tottori,2013,578000.0
Tottori,2014,574000.0
Tottori,2015,573000.0
Tottori,2016,570000.0
Tottori,2017,565000.0
Tottori,2018,560000.0
Tottori,2019,556000.0
Tottori,2020,553000.0
Tottori,2021,549000.0
Tottori,2022,544000.0
Tottori,2023,537000.0
Tottori,2024,531000.0
Toyama,1884,701622.0
Toyama,1885,706014.0
Toyama,1886,712532.0
Toyama,1887,715384.0
Toyama,1888,726078.0
Toyama,1889,738445.0
Toyama,1890,745248.0
Toyama,1891,754105.0
Toyama,1892,759040.0
Toyama,1893,763105.0
Toyama,1894,764196.0
Toyama,1895,763450.0
Toyama,1896,764399.0
Toyama,1897,762892.0
Toyama,1898,754799.0
Toyama,1899,766407.0
Toyama,1904,776851.0
Toyama,1909,770665.0
Toyama,1914,805613.0
Toyama,1919,803191.0
Toyama,1921,724276.0
Toyama,1926,749243.0
Toyama,1931,778953.0
Toyama,1936,798890.0
Toyama,1941,822569.0
Toyama,1944,819614.0
Toyama,1946,943251.5
Toyama,1948,979229.0
Toyama,1949,998349.0
Toyama,1951,1008790.0
Toyama,1956,1021121.0
Toyama,1961,1032614.0
Toyama,1966,1025465.0
Toyama,1971,1029695.0
Toyama,1976,1070791.0
Toyama,1981,1103459.0
Toyama,1986,1118369.0
Toyama,1991,1120161.0
Toyama,1996,1126000.0
Toyama,1997,1126000.0
Toyama,1998,1126000.0
Toyama,1999,1125000.0
Toyama,2001,1121000.0
Toyama,2002,1119000.0
Toyama,2003,1117000.0
Toyama,2004,1117000.0
Toyama,2006,1110000.0
Toyama,2007,1106000.0
Toyama,2008,1101000.0
Toyama,2009,1095000.0
Toyama,2010,1093000.0
Toyama,2011,1088000.0
Toyama,2012,1082000.0
Toyama,2013,1076000.0
Toyama,2014,1070000.0
Toyama,2015,1066000.0
Toyama,2016,1061000.0
Toyama,2017,1056000.0
Toyama,2018,1050000.0
Toyama,2019,1044000.0
Toyama,2020,1035000.0
Toyama,2021,1025000.0
Toyama,2022,1017000.0
Toyama,2023,1007000.0
Toyama,2024,997000.0
Wakayama,1872,556919.0
Wakayama,1873,562410.0
Wakayama,1874,565696.0
Wakayama,1875,572436.0
Wakayama,1876,579112.0
Wakayama,1877,584976.0
Wakayama,1878,591668.0
Wakayama,1879,602075.0
Wakayama,1880,601236.0
Wakayama,1881,603723.0
Wakayama,1882,606754.0
Wakayama,1883,610182.0
Wakayama,1884,612505.0
Wakayama,1885,618026.0
Wakayama,1886,619343.0
Wakayama,1887,613862.0
Wakayama,1888,621554.0
Wakayama,1889,623842.0
Wakayama,1890,627332.0
Wakayama,1891,630373.0
Wakayama,1892,630667.0
Wakayama,1893,633771.0
Wakayama,1894,634494.0
Wakayama,1895,636699.0
Wakayama,1896,644983.0
Wakayama,1897,651021.0
Wakayama,1898,656025.0
Wakayama,1899,672225.0
Wakayama,1904,697766.0
Wakayama,1909,723357.0
Wakayama,1914,770293.0
Wakayama,1919,795400.0
Wakayama,1921,750411.0
Wakayama,1926,787511.0
Wakayama,1931,830748.0
Wakayama,1936,864087.0
Wakayama,1941,865074.0
Wakayama,1944,847388.0
Wakayama,1946,934618.5
Wakayama,1948,959999.0
Wakayama,1949,979982.0
Wakayama,1951,982113.0
Wakayama,1956,1006819.0
Wakayama,1961,1002191.0
Wakayama,1966,1026975.0
Wakayama,1971,1042736.0
Wakayama,1976,1072118.0
Wakayama,1981,1087012.0
Wakayama,1986,1087206.0
Wakayama,1991,1074325.0
Wakayama,1996,1080000.0
Wakayama,1997,1078000.0
Wakayama,1998,1076000.0
Wakayama,1999,1074000.0
Wakayama,2001,1066000.0
Wakayama,2002,1061000.0
Wakayama,2003,1056000.0
Wakayama,2004,1050000.0
Wakayama,2006,1028000.0
Wakayama,2007,1019000.0
Wakayama,2008,1012000.0
Wakayama,2009,1004000.0
Wakayama,2010,1002000.0
Wakayama,2011,995000.0
Wakayama,2012,988000.0
Wakayama,2013,979000.0
Wakayama,2014,971000.0
Wakayama,2015,964000.0
Wakayama,2016,954000.0
Wakayama,2017,945000.0
Wakayama,2018,935000.0
Wakayama,2019,925000.0
Wakayama,2020,923000.0
Wakayama,2021,914000.0
Wakayama,2022,903000.0
Wakayama,2023,892000.0
Wakayama,2024,880000.0
Yamagata,1872,299291.0
Yamagata,1873,302743.0
Yamagata,1874,307535.0
Yamagata,1875,309837.0
Yamagata,1876,312313.0
Yamagata,1877,657613.0
Yamagata,1878,662913.0
Yamagata,1879,681180.0
Yamagata,1880,682929.0
Yamagata,1881,687718.0
Yamagata,1882,693360.0
Yamagata,1883,695533.0
Yamagata,1884,705507.0
Yamagata,1885,709145.0
Yamagata,1886,717252.0
Yamagata,1887,722978.0
Yamagata,1888,732913.0
Yamagata,1889,741896.0
Yamagata,1890,750840.0
Yamagata,1891,756909.0
Yamagata,1892,764701.0
Yamagata,1893,773015.0
Yamagata,1894,778280.0
Yamagata,1895,781727.0
Yamagata,1896,790779.0
Yamagata,1897,800831.0
Yamagata,1898,811039.0
Yamagata,1899,827138.0
Yamagata,1904,879564.0
Yamagata,1909,913445.0
Yamagata,1914,965356.0
Yamagata,1919,987053.0
Yamagata,1921,968925.0
Yamagata,1926,1027297.0
Yamagata,1931,1080034.0
Yamagata,1936,1116822.0
Yamagata,1941,1119338.0
Yamagata,1944,1083569.0
Yamagata,1946,1310642.0
Yamagata,1948,1335653.0
Yamagata,1949,1346492.0
Yamagata,1951,1357347.0
Yamagata,1956,1353649.0
Yamagata,1961,1320664.0
Yamagata,1966,1263103.0
Yamagata,1971,1225618.0
Yamagata,1976,1220302.0
Yamagata,1981,1251917.0
Yamagata,1986,1261662.0
Yamagata,1991,1258390.0
Yamagata,1996,1256000.0
Yamagata,1997,1255000.0
Yamagata,1998,1253000.0
Yamagata,1999,1250000.0
Yamagata,2001,1241000.0
Yamagata,2002,1235000.0
Yamagata,2003,1230000.0
Yamagata,2004,1223000.0
Yamagata,2006,1208000.0
Yamagata,2007,1198000.0
Yamagata,2008,1188000.0
Yamagata,2009,1179000.0
Yamagata,2010,1169000.0
Yamagata,2011,1161000.0
Yamagata,2012,1152000.0
Yamagata,2013,1141000.0
Yamagata,2014,1131000.0
Yamagata,2015,1124000.0
Yamagata,2016,1113000.0
Yamagata,2017,1102000.0
Yamagata,2018,1090000.0
Yamagata,2019,1078000.0
Yamagata,2020,1068000.0
Yamagata,2021,1055000.0
Yamagata,2022,1041000.0
Yamagata,2023,1026000.0
Yamagata,2024,1011000.0
Yamaguchi,1872,827536.0
Yamaguchi,1873,830060.0
Yamaguchi,1874,836419.0
Yamaguchi,1875,838946.0
Yamaguchi,1876,844550.0
Yamaguchi,1877,850608.0
Yamaguchi,1878,855618.0
Yamaguchi,1879,875607.0
Yamaguchi,1880,877614.0
Yamaguchi,1881,883885.0
Yamaguchi,1882,888442.0
Yamaguchi,1883,897370.0
Yamaguchi,1884,897296.0
Yamaguchi,1885,900339.0
Yamaguchi,1886,899606.0
Yamaguchi,1887,897557.0
Yamaguchi,1888,911859.0
Yamaguchi,1889,914083.0
Yamaguchi,1890,922497.0
Yamaguchi,1891,927015.0
Yamaguchi,1892,929629.0
Yamaguchi,1893,937036.0
Yamaguchi,1894,938158.0
Yamaguchi,1895,939940.0
Yamaguchi,1896,948234.0
Yamaguchi,1897,952300.0
Yamaguchi,1898,961065.0
Yamaguchi,1899,979596.0
Yamaguchi,1904,1015156.0
Yamaguchi,1909,1044926.0
Yamaguchi,1914,1089791.0
Yamaguchi,1919,1099048.0
Yamaguchi,1921,1041013.0
Yamaguchi,1926,1094544.0
Yamaguchi,1931,1135637.0
Yamaguchi,1936,1190542.0
Yamaguchi,1941,1294242.0
Yamaguchi,1944,1357368.0
Yamaguchi,1946,1365993.5
Yamaguchi,1948,1479244.0
Yamaguchi,1949,1505532.0
Yamaguchi,1951,1540882.0
Yamaguchi,1956,1609839.0
Yamaguchi,1961,1602207.0
Yamaguchi,1966,1543573.0
Yamaguchi,1971,1511448.0
Yamaguchi,1976,1555218.0
Yamaguchi,1981,1587079.0
Yamaguchi,1986,1601627.0
Yamaguchi,1991,1572616.0
Yamaguchi,1996,1551000.0
Yamaguchi,1997,1547000.0
Yamaguchi,1998,1543000.0
Yamaguchi,1999,1538000.0
Yamaguchi,2001,1524000.0
Yamaguchi,2002,1518000.0
Yamaguchi,2003,1512000.0
Yamaguchi,2004,1504000.0
Yamaguchi,2006,1483000.0
Yamaguchi,2007,1474000.0
Yamaguchi,2008,1463000.0
Yamaguchi,2009,1455000.0
Yamaguchi,2010,1451000.0
Yamaguchi,2011,1442000.0
Yamaguchi,2012,1431000.0
Yamaguchi,2013,1420000.0
Yamaguchi,2014,1408000.0
Yamaguchi,2015,1405000.0
Yamaguchi,2016,1394000.0
Yamaguchi,2017,1383000.0
Yamaguchi,2018,1370000.0
Yamaguchi,2019,1358000.0
Yamaguchi,2020,1342000.0
Yamaguchi,2021,1328000.0
Yamaguchi,2022,1313000.0
Yamaguchi,2023,1298000.0
Yamaguchi,2024,1281000.0
Yamanashi,1872,360068.0
Yamanashi,1873,362973.0
Yamanashi,1874,364345.0
Yamanashi,1875,369255.0
Yamanashi,1876,374250.0
Yamanashi,1877,377944.0
Yamanashi,1878,381229.0
Yamanashi,1879,391123.0
Yamanashi,1880,395447.0
Yamanashi,1881,404299.0
Yamanashi,1882,409929.0
Yamanashi,1883,410246.0
Yamanashi,1884,416497.0
Yamanashi,1885,419444.0
Yamanashi,1886,425898.0
Yamanashi,1887,430996.0
Yamanashi,1888,437475.0
Yamanashi,1889,445182.0
Yamanashi,1890,452781.0
Yamanashi,1891,458534.0
Yamanashi,1892,463263.0
Yamanashi,1893,467337.0
Yamanashi,1894,471480.0
Yamanashi,1895,474959.0
Yamanashi,1896,482349.0
Yamanashi,1897,489412.0
Yamanashi,1898,492689.0
Yamanashi,1899,506497.0
Yamanashi,1904,540657.0
Yamanashi,1909,573341.0
Yamanashi,1914,608969.0
Yamanashi,1919,633224.0
Yamanashi,1921,583453.0
Yamanashi,1926,600675.0
Yamanashi,1931,631042.0
Yamanashi,1936,646727.0
Yamanashi,1941,663026.0
Yamanashi,1944,634897.0
Yamanashi,1946,818015.0
Yamanashi,1948,807251.0
Yamanashi,1949,815485.0
Yamanashi,1951,811369.0
Yamanashi,1956,807044.0
Yamanashi,1961,782062.0
Yamanashi,1966,763194.0
Yamanashi,1971,762029.0
Yamanashi,1976,783050.0
Yamanashi,1981,804256.0
Yamanashi,1986,832832.0
Yamanashi,1991,852966.0
Yamanashi,1996,886000.0
Yamanashi,1997,889000.0
Yamanashi,1998,892000.0
Yamanashi,1999,893000.0
Yamanashi,2001,890000.0
Yamanashi,2002,889000.0
Yamanashi,2003,887000.0
Yamanashi,2004,886000.0
Yamanashi,2006,880000.0
Yamanashi,2007,877000.0
Yamanashi,2008,871000.0
Yamanashi,2009,867000.0
Yamanashi,2010,863000.0
Yamanashi,2011,857000.0
Yamanashi,2012,852000.0
Yamanashi,2013,847000.0
Yamanashi,2014,841000.0
Yamanashi,2015,835000.0
Yamanashi,2016,830000.0
Yamanashi,2017,823000.0
Yamanashi,2018,817000.0
Yamanashi,2019,811000.0
Yamanashi,2020,810000.0
Yamanashi,2021,805000.0
Yamanashi,2022,802000.0
Yamanashi,2023,796000.0
Yamanashi,2024,791000.0
